estado,municipio,servico,endereco,telefone,hora
AC - Acre,Rio Branco,Unidade de Referência à Atenção Primária Claúdia Vitorino - CTA (Centro de Testagem e Aconselhamento),Rua Baguari S/N Bairro: Taquari Ref.: Entrada do Bairro Taquari,(68)3221-4717,08:00 às 18:00h
AC - Acre,ASSIS BRASIL,Unidade Mista de Saúde,"Rua Dom Giocondo M. Grotti, 420- Centro",3548-1135/3548-1415,NULL
AC - Acre,BRASILÉIA,Hospital das Clínicas Raimundo Chaar,"Av. Rolando Moreira, 930 - Centro",3546-5000 / 3546-4740,NULL
AC - Acre,CRUZEIRO DO SUL,Hospital Regional de Cruzeiro do Sul,"Rua Pedro Teles, 350- Centro",3322-8339 / 3322-5269,NULL
AC - Acre,CRUZEIRO DO SUL,Santa Casa de Misericórdia de Cruzeiro do Sul,"Rua Lauro Müller, 473 - Centro",3322-2133,NULL
AC - Acre,FEIJÓ,Hospital Geral de Feijó,"Av. Marechal Deodoro, s/n- Centro",3463-3001,NULL
AC - Acre,JORDÃO,Hospital da Família de Jordão,"End.: Rua Romildo Magalhães, s/n- Centro",3464-1078,NULL
AC - Acre,MÂNCIO LIMA,Hospital Dr. Abel Pinheiro Maciel Filho,"Av. Japim, s/n - Centro",3343-1026,NULL
AC - Acre,MANOEL URBANO,Unidade Mista de Saúde de Manuel Urbano,"Rua Francisco Freire, s/n- Centro",3611-1005 / 3611-1006,NULL
AC - Acre,MARECHAL THAUMATURGO,Hospital da Família de Marechal Thaumaturgo,"Rua 05 de Novembro, s/n- Centro",3325-1079,NULL
AC - Acre,PLÁCIDO DE CASTRO,Hospital Manoel Marinho Monte,"Rua Epitácio Pessoa, 550- Centro",3237-1457,NULL
AC - Acre,PORTO WALTER,Hospital da Família de Porto Walter,"End.: Rua Cameli, s/n- Centro",3325-88166/3325-8028,NULL
AC - Acre,RODRIGUES ALVES,Unidade Mista de Saúde de Rodrigues Alves,"Av. Presidente Juscelino, s/n- Centro",3342-1080,NULL
AC - Acre,SANTA ROSA DO PURUS,Hospital da Família de Santa Rosa do Purus,"End.: Rua Projetada, s/n- Cidade Nova",3615-1064,NULL
AC - Acre,SENA MADUREIRA,Hospital João Câncio Fernandes,"Rua Quintino Bocaiúva, s/n- Centro",3612-4331 / 3612-2110,NULL
AC - Acre,SENADOR GUIOMARD,Hospital Dr. Ary Rodrigues,"Av. Eduardo Assmar, 153 –Cohab",3232-2956,NULL
AC - Acre,TARAUACÁ,Hospital Dr. Sansão Gomes,"Rua Dr. Sansão Gomes, 640 - Centro",3462-1003/1977,NULL
AC - Acre,TARAUACÁ,Maternidade Ethel Muriel Gedis,"Rua Floriano Peixoto, 213- Centro",3462-1066,NULL
AC - Acre,XAPURI,Hospital Epaminondas Jácome,"Rua 06 de Agosto, 238- Centro",3542-2031,NULL
AC - Acre,VILA CAMPINAS,Unidade Mista de Saúde Ana Nery,"BR-364, Km 60- Vila Campinas",3267-1195/3267-1042,NULL
AC - Acre,RIO BRANCO,Maternidade e Clínica de Mulheres Bárbara Heliodora,"Av. Getúlio Vargas, 811- Centro",3224 -1290/3223-9681,NULL
AC - Acre,RIO BRANCO,Hospital de Urgência e Emergência de Rio Branco - Huerb,"Av. Nações Unidas, s/n- Bosque",3223-3080 / 3223-0897,NULL
AC - Acre,RIO BRANCO,Fundação Hospital do Acre - Fundhacre,"BR-364, KM - 02 – Estrada Dias Martins, Distrito Industrial",3226-4336,NULL
AL - Alagoas,MACEIÓ,HOSPITAL ESCOLA HELVIO AUTO,"Rua Cônego Fernando Lyra, S/N - Trapiche da Barra - 57.017-420 - Maceió/AL",82/33156828/ 82/33153201/ 82/33153384,24h
AL - Alagoas,MACEIÓ,Hospital Dia do Hospital Universitário,"Avenida Lourival Melo Mota S/N, Bairro Tabuleiro.",(82)3202-3759,08:00 às 17:00h
AL - Alagoas,MACEIÓ,SAE Dr Marcelo Constant,"R. Cônego Fernando Lyra, Nº 10, Bairro Trapiche.",(82)3315-3244,08:00 às 17:00h
AL - Alagoas,MACEIÓ,SAE PAM Salgadinho,"R. Mizael Domingues, 241 Bloco I,Centro",(82)3315 5301,08:00 às 17:00h
AL - Alagoas,Santana do Ipanema,Hospital Regional Dr. Clodolfo Rodrigues De Melo,"Avenida João Agostinho, S/N, Bairro Santo Antônio.",(82)3261-8270,NULL
AM - Amazonas,PARINTINS,"CASA PADRE VITORIO (SAE, CTA E LABORATORIO)",RUA AGOSTINHO CUNHA Nº 2100 BAIRRO NOSSA SENHORA DAS GRAÇAS,(92)99204-7708,08:00 às 18:00h
AM - Amazonas,MANAUS,Fundação de Medicina Tropical Dr. Heitor Vieira Dourado,"Av. Pedro Teixeira, 25. Bairro Dom Pedro, CEP - 69040-000",2127-3555,24h
AM - Amazonas,MANAUS,Maternidade Moura Tapajós,"Av. Brasil, 1355. Compensa I, CEP - 69036-110",3216-8158/3216-8767/3675-2083,24h
AM - Amazonas,MANAUS,Instituto da Mulher Dona Lindu,"Av. Mário Ypiranga, 1580. Adrianópolis, CEP - 69057-000",3643-8100,24h
AP - Amapá,Macapá,SAE/CTA - SES AP CENTRO DE REFERENCIA DE DOENCAS TROPICAIS,RUA Jovino Dinoá nº 1251 CENTRO CEP: 68908-121,(96) 3131-2448,08:00 às 18:00h
AP - Amapá,Macapá,SES AP HOSPITAL DA MULHER,AVENIDA FAB nº 81 CENTRO CEP: 68900-000,(96) 3224-3530,24h
AP - Amapá,Macapá,SES AP HOSPITAL DE EMERGENCIA,RUA Hamilton Silva Nº 742 Santa Rita CEP: 68900-000,(96) 3212-6233,24h
AP - Amapá,Macapá,SES AP HOSPITAL DA CRIANCA E DO ADOLESCENTE,AVENIDA FAB s/n CENTRO CEP: 68925-000,NULL,24h
AP - Amapá,Macapá,IOM,AVENIDA Ana Nery Nº 890 Laguinho CEP: 68900-000,NULL,08:00 às 18:00h
AP - Amapá,Macapá,INSTITUTO DE HEMATOLOGIA E HEMOTERAPIA DO AMAPA,AVENIDA RAIMUNDO ALVARES DA COSTA S/N CENTRO CEP: 68900-102,(96) 3212-6139,08:00 às 18:00h
BA - Bahia,PORTO SEGURO,HOSPITAL MUNICIPAL DE PORTO SEGURO,AVENIDA NAVEGANTES N°640- CENTRO- PORTO SEGURO/BA CEP:45810000,(73)3288-5891,24h
BA - Bahia,FEIRA DE SANTANA,HOSPITAL ESTADUAL DA CRIANÇA,AVENIDA EDUARDO SROES DA MOTA N°02 BAIRRO: 35° BI,(75)3602-0301,24h
BA - Bahia,SALVADOR,DECIMO 2º ALFREDO BOREAL,RUA SAPONICK SEM Nº BAIRRO BOCA DO RIO CEP 41710880,(71)3034-7750,24h
BA - Bahia,SALVADOR,12º CENTRO DE SAUDE ALFREDRO BUREAL,RUA JAIME SAPONIQUE S/N BAIRRO EMBUI CONJUNTO GUILERME MARBAQUE,(71)3034-7750,24h
BA - Bahia,JUAZEIRO,"CENTRO DE INFORMAÇAO EM DST, HIV, AIDS E HEPATITES VIRAIS.","AVENIDA CARMELA DUTRA Nº 700 BAIRRO: ANGARI, JUAZEIRO CEP: 48.903-530",(74)8859-4916,08:00 às 12:00h
BA - Bahia,JEQUIE,CENTRO DE REFERENCIA E SAUDE SEXUAL DE JEQUIE,"AVENIDA OTAVIO MANGABEIRA, SEM NUMERO, BAIRRO MANDACARU",(73)3526-8760,08:00 às 18:00h
BA - Bahia,JEQUIE,HOSPITAL GERAL DRADO VALADARES,"RUA SAO CRISTOVAO, SEM NUMERO, CENTRO, CEP: 45200000",(73)7335-2871,24h
BA - Bahia,TEIXEIRA DE FREITAS,UNIDADE MUNICIPAL MATERNO INFANTIL,"AVENIDA PRESIDENTE GETULIO VARGAS Nº 3191, CENTRO, TEIXEIRA DE FREITAS CEP: 45.995-000",(73)3011-2760,24h
BA - Bahia,BARREIRAS,STA SAI EDGARD PITA,RUA SERGIPE ANEXO AO CENTRO DE REFERENCIA LEONDIA AYRES,(77)3613-9745,08:00 às 18:00h
BA - Bahia,FEIRA DE SANTANA,PROGRAMA MUNICIPAL DST / HIV/AIDS DE FEIRA DE SANTANA,RUA PROFESSOR GERMINIANO COSTA S/N CENTRO,(75)3624-5931,08:00 às 18:00h
BA - Bahia,JUAZEIRO,CENTRO DE INFORMAÇAO EM DST/HIV/AIDS E HEPATITES VIRAIS-CIDHA,"AVENIDA CARMELA DUTRA Nº 700, ANGARI- JUAZEIRO-BA. CEP: 48903530",(74)3612-3776,08:00 às 12:00h
BA - Bahia,JUAZEIRO,CENTRO DE REFERENCIA EM DST/HIV/AIDS E HEPATITES VIRAIS - CIDA,"AVENIDA CARMELA DUTRA, NUMERO 700, BAIRRO ANGARI, CEP: 48903530",(74)3612-3776,08:00 às 12:00h
BA - Bahia,ITABUNA,CERPAT-CENTRO DE REFERENCIA DE PREVENÇAO E TRATAMENTO,AVENIDA AMELIA AMADO 914 CENTRO ITABUNA BAHIA CEP:4560006,(73)3215-6401,08:00 às 18:00h
BA - Bahia,TEIXEIRA DE FREITAS,CTA SAE TEIXEIRA DE FREITAS,RUA SAGRADA FAMILIA Nº 436 BAIRRO BELA VISTA.,(73)3011-2713,08:00 às 18:00h
BA - Bahia,SALVADOR,UPA DE ROMA,RUA BARAO DE GUARATIGIBE NUMERO 1153,(71)3316-8600,24h
BA - Bahia,ALAGOINHAS,SAE CTA ALAGOINHAS,RUA 13 DE JUNHO LOTEAMENTO PARQUE FLORESTA - S/N - BAIRRO PARQUE FLORESTA - ALAGOINHAS-BA,(75)3423-8376,08:00 às 18:00h
BA - Bahia,PAULO AFONSO,CTA/SAE,"AVENIDA JOSE HEMETERIO DE CARVALHO, N°250",(75)3282-9277,08:00 às 18:00h
BA - Bahia,EUNAPOLIS,SAE CTA DE EUNAPOLIS,RUA FLORIANO PEIXOTO Nº 83 CENTRO EUNAPOLIS BAHIA CEP: 45820000,(73)3261-5412,08:00 às 18:00h
BA - Bahia,VITORIA DA CONQUISTA,CAAVE CENTRO DE ATEÇAO E APOIO A VIDA DOUTOR DAVID CAPISTRANO FILHO,"PRAÇA JOAO GONÇALVES CENTRO,VITORIA DA CONQUISTA",(77)3429-7250,08:00 às 18:00h
CE - Ceará,IGUATU,CENTRO MICRO REGIONAL ESPECIALIZADO NA ATENÇAO A SAUDE REPRODUTIVA E SEXUAL,RUA MON SENHOR COELHO S/N BAIRRO SAO SEBASTIAO,(88)3581-2379,08:00 às 18:00h
CE - Ceará,SOBRAL,CENTRO DE TESTE A ACONSELHAMENTO SOROLOGICO,"RUA ANTONIO FELIX IBIAPINA, NUMERO 931 BAIRRO COELSE, CEP : 62030390",(88)3695-5167,08:00 às 18:00h
CE - Ceará,MARACANAU,CTA SAE MARACANAU,RUA JOAO ALENCAR S/N MARACANAU,(85)3521-5533,14:00 às 18:00h
CE - Ceará,JUAZEIRO DO NORTE,SAE,RUA DOM PEDRO II Nº1769 BAIRRO FRANCISCANO CEP:63010000,(88)9911-5073,08:00 às 18:00h
CE - Ceará,FORTALEZA,Hospital São José de Doenças Infecciosas,"Rua Nestor Barbosa, 315 - Parquelândia",85 -3101-2321/3101-2322,24h
CE - Ceará,FORTALEZA,Hospital Distrital Gonzaga Mota de Messejana (Atende mulheres vítimas de violência sexual),"Av. Washington Soares, 7700",85 3105-1590,24h
DF - Distrito Federal,GUARA,CENTRO DE SAUDE 2 DO GUARA,QE 23 AREA ESPECIAL,(61)3382-0512,08:00 às 18:00h
DF - Distrito Federal,GAMA,SAE,AREA ESPECIAL SETOR CENTRAL LADO LESTE Nº38 GAMA DF CEP:72405382,(61)3385-9700,08:00 às 18:00h
DF - Distrito Federal,GAMA,CENTRO DE SAUDE NUMERO 05 DO GAMA,AREA ESPECIAL SETOR CENTRAL LADO LESTE Nº38 GAMA DF CEP:72405382,(61)3556-5111,08:00 às 18:00h
DF - Distrito Federal,CEILANDIA,HOSPITAL REGIONAL DA CEILANDIA,QNM 27- AREA ESPECIAL N°1- SETOR M - CEILANDIA SUL,(61)3471-9000,24h
DF - Distrito Federal,TAGUATINGA,UNIDADE MISTA DE SAUDE DE TAGUATINGA,C12 AREA ESPECIAL 1/2 TAGUATINGA CEP 72010120,(61)3353-1000,08:00 às 18:00h
DF - Distrito Federal,BRASILIA,UNIDADE MISTA DE SAUDE/ HOSPITAL DIA,EQS 508/509- ASA SUL- BRASILIA- DF.,NULL,08:00 às 18:00h
DF - Distrito Federal,SANTA MARIA,HOSPITAL REGINAL DE SANTA MARIA,QD AC 102 CONJ A B C D BAIRRO SANTA MARIA - DF CEP: 72502100,(61)3392-6249,08:00 às 18:00h
DF - Distrito Federal,SOBRADINHO,CENTRO DE SAUDE DA FAMILIA N°01- SOBRADINHO,QUADRA 14- AREA ESPECIAL,(61)3591-1635,08:00 às 18:00h
ES - Espírito Santo,GUARAPARI,CTA/SAE DE GUARAPARI,"RUA ORACIO SANTANA Nº 279 PARQUE AREIA PRETA GUARAPARI, ESPIRITO SANTO CEP: 29.200-750",(27)3262-8623,08:00 às 18:00h
ES - Espírito Santo,LINHARES,PROGRAMA DE DST AIDS E HEPATITES BC,"AVENIDA JOAO FELIPE CAMON 1115 CENTRO, LINHEARES, PROXIMO AO HOSPITAL RIO DOCE,",(27)3372-7410,08:00 às 18:00h
ES - Espírito Santo,COLATINA,HOSPITAL MATERNIDADE SAO JOSE,"LADEIRA CRISTO REI, Nº 514. CENTRO - ES",(27)2102-2127,24h
ES - Espírito Santo,COLATINA,SAE CTA COLATINA,"RUA AROLDO ANTOLINE, NUMERO 134, BAIRRO ESPLANADA CEP: 29702080",(27)3721-1531,08:00 às 18:00h
ES - Espírito Santo,GUARAPARI,SAE/CTA GUARAPARI,RUA ORACIO SANTANA 279 PARQUE AREIA PRETA GUARAPARI/ES,(27)3262-8623,08:00 às 18:00h
ES - Espírito Santo,VILA VELHA,HOSPITAL ANTONIO BEZERRA DE FARIAS,RUA CASTELO BRANCO N°2012 BAIRRO OLARIA - VILHA VELHA- ES CEP:29123-180,(27)3636-3501,24h
ES - Espírito Santo,SERRA,UPA-UNIDADE DE PRONTO ATENDIMENTO OSCARINA MIRANDA BORGES,"AVENIDA JONES DOS SANTOS NEVES SEM NUMERO BAIRRO: MARIA NIOBE , SERRA, ESPIRITO SANTO CEP: 29.176-060",(27)3291-8810,24h
ES - Espírito Santo,SAO MATEUS,CTA E SAE -SAO MATEUS,AVENIDA JOSE TORSE Nº2552 BAIRRO BOA VISTA CEP: 29931340,(27)3767-4165,08:00 às 18:00h
ES - Espírito Santo,Vitória,Centro de Referência em DST e Aids,"Rua Cais de São Francisco, 54, Parque Moscoso, Centro, Vitória-ES",(27 3132.5108 / 5107/5106,7:00 às 18:00h
ES - Espírito Santo,Vitória,PA- Pronto Atendimento Praia do Suá,"Rua Almirante Barroso, S/N (Praia do Sua) 29052-190 Vitoria, Espírito Santo ES",(27)3325.3380,24h
GO - Goiás,ANAPOLIS,PROGRAMA MUNICIPAL DE DST AIDS E HEPATITES VIRAIS,AVENIDA SAO FRANCISCO Nº810 BAIRRO JUNDIAI ANAPOLIS - GO 75110810,(62)3902-2681,08:00 às 12:00h
GO - Goiás,RIO VERDE,PROGRAMA DTS AIDS E HEPATITE VIRAIS,RUA DARIO ALVES DE PAIVA Nº1023 BAIRRO: CENTRO,(64)3620-2058,08:00 às 18:00h
GO - Goiás,GOIÂNIA,Centro de Referência em Diagnóstico e Terapêutica,AV: Contorno n° 2151 Setor. Norte Ferroviário. Goiânia - GO,(62)3524-8705,07:00 às 11:00h e 13:00 às 15:00h
GO - Goiás,GOIÂNIA,Cais de Campinas,Rua P30 c/ rua P26 S/N St Setor dos Funcionários. Goiânia - GO,(62)3524-1930,24h
GO - Goiás,GOIÂNIA,Maternidade Nascer Cidadão,"AV: Oriente, área publica 09, Jardim Curitiba III. Goiânia - GO",(62)3595-2830,24h
GO - Goiás,GOIÂNIA,Cais Candida de Moraes,"AV: Perimetral Norte esquina c/ rua CM 08, Qd 09B Lt 01. Setor Cândida de Morais. Goiânia - GO",(62)3524-3473 (62)3524-3471 (62)3524-3470,24h
GO - Goiás,GOIÂNIA,Cais Novo Mundo,AV: New York Qd 137 S/N Jardim Novo Mundo. Goiânia - GO,(62)3524-1891 (62)3524-1892,24h
MA - Maranhão,IMPERATRIZ,PROGRAMA MUNICIPAL DST/AIDS,RUA RAFAEL DE ALMEIDA S/N- PARQUE ANHANGUERA- IMPERATRIZ-MA,(99)98148-4864,08:00 às 12:00h
MA - Maranhão,CODO,SERVIÇO DE ATENDIMENTO ESPECIALIZADO E CENTRO DE TESTAGEM E ACONSELHAMENTO,AVENIDA MIGUEL BAHURI S/N CENTRO,(99)98189-4003,08:00 às 18:00h
MA - Maranhão,São Luís,HOPITAL DR CLEMENTINO MOURA,AVENIDA TRANCREDO NEVES S/N SOCORRAO II CIDADE OPERÁRIA CEP: 65050-000,(98) 3244-2400,24h
MA - Maranhão,São Luís,HOSPITAL MUNICIPAL DJALMA MARQUES,RUA DO PASSEIO S/N SOCORRAO I CENTRO CEP: 65015-370,(98) 3221-1054,24h
MA - Maranhão,São Luís,UNIDADE DE PRONTO ATENDIMENTO SOCORRINHO I,RUA 09 S/N COHATRAC II CEP: 65054-350,(98) 3238-5786,24h
MA - Maranhão,São Luís,UNIDADE DE PRONTO ATENDIMENTO SOCORRINHO II,RUA EMETERIO LEITAO Nº 01 SAO FRANCISCO CEP: 65076-460,(98) 3268-8826,24h
MA - Maranhão,São Luís,HOSPITAL UNIVERSITARIO HUUFMA - MATERNO INFANTIL,RUA BARAO DE ITAPARY Nº 227 CENTRO,(98) 3219-1000,24h
MA - Maranhão,São Luís,HOSPITAL DA MULHER,AVENIDA DOS PORTUGUESES S/N ANJO DA GUARDA CEP: 65010-000,(98) 3228-2623,24h
MA - Maranhão,São Luís,CENTRO DE SAÚDE DE BAIRRO DE FÁTIMA,RUA ADEMAR DE BARROS S/N BAIRRO DE FATIMA CEP: 65030-030,(98) 3243-2105,08:00 às 18:00h
MG - Minas Gerais,PASSOS,AMBULATORIO ESCOLA PROFESSOR LUIZ CAMILO TEODORO DA SILVEIRA,"RUA SABARA Nº 164 CENTRO, PASSOS CEP: 37.900-004",(35)3529-8030,08:00 às 18:00h
MG - Minas Gerais,PASSOS,HOSPITAL SAO JOSE UNIMED,AVENIDA DR. BRENO SOARES MAIA N°236- CEP: 37900110,(35)3529-2450,24h
MG - Minas Gerais,CONSELHEIRO LAFAIETE,POLICLINICA MUNICIPAL CONSELHEIRO LAFAETI,AVENIDA PREFEITO MARIO RODRIGUES PEREIRA N°175- CENTRO- CONSELHEIRO LAFAETI,(31)3769-2547,24h
MG - Minas Gerais,OURO BRANCO,SAE OURO BRANCO,"RUA ALTO DO CRUZEIRO S/N CENTRO - OURO BRANCO, MG CEP 36420-000",(31)3741-4665,08:00 às 18:00h
MG - Minas Gerais,PATOS DE MINAS,UNIDADE PRONTO ATENDIMENTO UPA PORTE3,RUA PELUZZO N°238 - BAIRRO PELUZZO - PATOS DE MINAS - MG,(34)3822-9111,24h
MG - Minas Gerais,CONSELHEIRO LAFAIETE,HOSPITAL QLUZ,ALAMEIDA OSVALDO CRUZ 189,(31)3763-1899,24h
MG - Minas Gerais,ITUIUTABA,ADIC - ATENDIMENTO DE DOENÇAS INFECTOCONTAGIOSAS,AVENIDA 45 Nº 164 BAIRRO ELANDIA,(34)3268-2516,08:00 às 18:00h
MG - Minas Gerais,PATOS DE MINAS,HOSPITAL REGIONAL ANTONIO DIAS,RUA MAJOR GOTE Nº 1231 CENTRO,(34)3818-6000,24h
MG - Minas Gerais,VESPASIANO,CENTRO DE REFERENCIA VIDAL BRASIL,RUA MANOEL CUNHA NUMERO 49 BAIRRO NAZIA,(31)3621-1285,08:00 às 18:00h
MG - Minas Gerais,IPATINGA,CENTRO DE CONTROLE DAS DOENÇAS INFECTO PARAZITARIAS,"RUA GOVERNADOR VALADARES, NUMERO 45, CENTRO, 35160041",(31)3829-8601,08:00 às 18:00h
MG - Minas Gerais,CORONEL FABRICIANO,"PROGRAMA MUNICIPAL DE DST, AIDS E HEPATITES VIRAIS DE CORONEL FABRICIANO","RUA SAO SEBASTIAO N°1007, BAIRRO: PROFESSORES",(31)3846-3556,08:00 às 12:00h
MG - Minas Gerais,GOVERNADOR VALADARES,CENTRO DE REFERENCIA DE ATENÇAO ESPECIAL A SAUDE,RUA OSVALDO CRUZ Nº242 BAIRRO ESPLANADA CEP :35010210 GOVERNADOR VALADARES.,(33)3271-3048,08:00 às 18:00h
MG - Minas Gerais,JUIZ DE FORA,PROTOCOLO DE ATENDIMENTO AO RISCO BIOLOGICO OCUPACIONAL E SEXUAL,AVENIDA BARAO DO RIO BRANCO 3408 ALTO DOS PASSOS,(32)3690-8107,24h
MG - Minas Gerais,SETE LAGOAS,UPA,AVENIDA RAQUEL VIANA Nº716 BAIRRO CANAA CEP:35700293,(31)3773-2600,24h
MG - Minas Gerais,VESPASIANO,UPA PREFEITO LUIZ ISSA,RUA TIRADENTES SEM NUMERO VESPACIANO CENTRO,(31)3622-0800,24h
MG - Minas Gerais,BELO HORIZONTE,"CTA,SAE,SAGRADA FAMILIA",RUA JOAQUIM FELICIO 141 BAIRRO SAGRADA FAMILIA BELO HORIZONTE MG,(31)3277-9050,08:00 às 18:00h
MG - Minas Gerais,JUIZ DE FORA,PROGRAMA MUNICIPAL DE DST/AIDS,AVENIDA DOS ANDRADAS N°523- CENTRO- CEP: 36036000,(32)3690-7054,08:00 às 18:00h
MG - Minas Gerais,MURIAE,PROGRAMA MUNICIPAL DST AIDS E HEPATITES VIRAIS,"RUA VEREADOR JOSE MESSIAS SOARES, NUMERO 65, BAIRRO SANTO ANTONIO CEP: 36880000",(32)3721-8838,08:00 às 18:00h
MG - Minas Gerais,ARAXA,PRONTO ATENDIMENTO MUNICIPAL DE ARAXA,"PRAÇA AIRES MANEIRA, Nº 19 CENTRO",(34)3691-7079,24h
MG - Minas Gerais,PATOS DE MINAS,"PROGRAMA MUNICIPAL DE DST, AIDS E HEPATITE VIRAIS CRONICAS",RUA DR. NOE FERREIRA N°121 BAIRRO BELA VISTA CEP:38703234,(34)3822-9808,08:00 às 18:00h
MG - Minas Gerais,UBERABA,PROGRAMA MUNICIPAL DE HIV E HEPATITE VIRAIS,RUA MARECHAL TEODORO Nº166 BAIRRO SAO BENEDITO CEP:,(34)3333-7787,08:00 às 18:00h
MG - Minas Gerais,BELO HORIZONTE,UNIDADE REFERENCIA SEGUNADARIA/SAE,RUA PARAIBA 890 FUNCIONARIOS,(31)3277-5305,24h
MG - Minas Gerais,CONSELHEIRO LAFAIETE,CENTRO PROMOÇAO DA SAUDE,AVENIDA DOM PEDRO II Nº190 BAIRRO SAO SEBASTIAO 36400000,(31)3769-9054,08:00 às 18:00h
MG - Minas Gerais,POCOS DE CALDAS,CENTRO DE REFERENCIA DE DST AIDS HEPATITES VIRAIS,RUA PARAIBA NUMERO 150,(35)3536-9722,08:00 às 18:00h
MG - Minas Gerais,BELO HORIZONTE,ATENDIMENTO A VITIMAS DE VIOLENCIA SEXUAL OU ACIDENTES DE TRABALHO.,RUA FORMIGA NUMERO 50,(31)3277-6231,24h
MG - Minas Gerais,UBERLANDIA,AMBULATORIO HERBERT DE SOUZA DST AIDS HEPATITES VIRAIS,RUA AVELINO DO NASCIMENTO N 15 BAIRO PRSIDENTE ROOSEVELT,(34)3215-2444,08:00 às 18:00h
MG - Minas Gerais,RIBEIRAO DAS NEVES,HOSPITAL SAO JUDAS TADEU,VALDEMAR JOSE ALVES N°65 - BAIRRO STATUS - RIBEIRAO DAS NEVES - MG - CEP:33880190,(31)3625-4184,24h
MG - Minas Gerais,CONTAGEM,DST AIDS E HEPATITES VIRAIS CCE IRIA DINIZ CONTAGEM/MG,AVENIDA JOAO CESAR DE OLIVEIRA 2889 BAIRRO EL DOURADO CONTAGEM/MG,(31)3352-2362,08:00 às 18:00h
MG - Minas Gerais,BELO HORIZONTE,HOSPITAL GOVERNADOR ISRAEL PINHEIRO DO IPSEMG,ALAMEDA EZEQUIEL DIAS Nº 225 BELO HORIZONTE CEP: 30.130-110,(31)3237-2282,24h
MG - Minas Gerais,BELO HORIZONTE,CTRDIP ORESTES DINIZ,"ALAMEDA ALVARO CELSO 241, SANTA EFIGENIA, CEP 30150260",(31)3277-1198,08:00 às 18:00h
MG - Minas Gerais,SANTA LUZIA,HOSPITAL DE SAO JOAO DE DEUS,"RUA FLORIANO PEIXOTO, NUMERO 333, CENTRO CEP: 33010030",(31)3641-2071,24h
MG - Minas Gerais,ITABIRA,"SERVIÇO DE ATENÇAO ESPECIALIZADA EM DST, HIV, AIDS DE ITABIRA.",RUA LUIZ VENTURA Nº 75 BAIRRO: VILA PIEDADE CEP: 35.900-205,(31)3839-2399,08:00 às 18:00h
MS - Mato Grosso do Sul,CORUMBA,"CENTRO DE REFERENCIA EM DST, AIDS - DR. JOAO DE BRITO",RUA CIRIACO DE TOLEDO N°1624- CEP: 79321160,(67)3907-5379,08:00 às 18:00h
MS - Mato Grosso do Sul,CAMPO GRANDE,UNIDADE DE PRONTO ATENDIMENTO DR. ALESSANDRO MARTINS DE SOUZA SILVA - UPA VILA ALMEIDA,RUA MINISTRO JOSÉ LINHARES · S/N · ESQ.R. YOKOHAMA VILA ALMEIDA,3314-7329,24h
MS - Mato Grosso do Sul,CAMPO GRANDE,UNIDADE DE PRONTO ATENDIMENTO APARECIDA GONÇALVES SARAIVA - UPA UNIVERSITÁRIO,AV GUAICURUS · S/N · ESQ COM AV GURY MARQUES UNIVERSITÁRIO,3304-5601,24h
MS - Mato Grosso do Sul,CAMPO GRANDE,UNIDADE DE PRONTO ATENDIMENTO WALFRIDO ARRUDA - UPA CORONEL ANTONINO,AV GUAICURUS · S/N · ESQ COM AV GURY MARQUES UNIVERSITÁRIO,3314-4195,24h
MS - Mato Grosso do Sul,CAMPO GRANDE,CENTRO REGIONAL DE SAÚDE DR GUINTHER HANS - CRS NOVA BAHIA,AV SENHOR DO BONFIM · S/N NOVA BAHIA,3314-8295,24h
MS - Mato Grosso do Sul,CAMPO GRANDE,CENTRO REGIONAL DE SAÚDE DR MARCÍLIO DE OLIVEIRA LIMA – CRS MORENINHA,RUA GUARABÚ DA SERRA · S/N MORENINHA III,3314-9028,24h
MS - Mato Grosso do Sul,CAMPO GRANDE,CENTRO REGIONAL DE SAÚDE DR. ANTONIO PEREIRA - CRS TIRADENTES,AV JOSÉ NOGUEIRA VIEIRA · S/N TIRADENTES,3314-3754,24h
MS - Mato Grosso do Sul,CAMPO GRANDE,CENTRO REGIONAL DE SAÚDE DR. JOÃO PEREIRA DA ROSA - CRS AERO RANCHO,AV. RAQUEL DE QUEIROZ · S/N AERO RANCHO,3314-6339,24h
MS - Mato Grosso do Sul,CAMPO GRANDE,CENTRO REGIONAL DE SAÚDE DR. WALDECK FLETNER DE CASTRO MAIA - CRS COOPHAVILA,RUA DA PENÍNSULA · S/N COOPHAVILA II,3373-5400,24h
MS - Mato Grosso do Sul,CAMPO GRANDE,CENTRO REGIONAL DE SAÚDE DR. ÊNIO CUNHA - CRS GUANANDY,AV MANOEL DA COSTA LIMA · 3272 GUANANDY,3314-6335,24h
MS - Mato Grosso do Sul,CAMPO GRANDE,CENTRO DE DOENÇAS INFECTO PARASITÁRIAS - CEDIP,RUA DOS COQUEIROS · S/N NOVA BAHIA,3314- 8289,07:00 às 17:00h
MS - Mato Grosso do Sul,Campo Grande,UNIDADE DE PRONTO ATENDIMENTO DR. ALESSANDRO MARTINS DE SOUZA SILVA - UPA VILA ALMEIDA,RUA MINISTRO JOSÉ LINHARES · S/N · ESQ.R. YOKOHAMA - VILA ALMEIDA,3314-7329,24h
MS - Mato Grosso do Sul,Campo Grande,UNIDADE DE PRONTO ATENDIMENTO APARECIDA GONÇALVES SARAIVA - UPA UNIVERSITÁRIO,AV GUAICURUS · S/N · ESQ COM AV GURY MARQUES - UNIVERSITÁRIO,3304-5601,24h
MS - Mato Grosso do Sul,Campo Grande,UNIDADE DE PRONTO ATENDIMENTO WALFRIDO ARRUDA - UPA CORONEL ANTONINO,"R. Dr. Meireles, 1134 - Monte Castelo",3314-4195,24h
MS - Mato Grosso do Sul,Campo Grande,CENTRO REGIONAL DE SAÚDE DR GUINTHER HANS - CRS NOVA,AV SENHOR DO BONFIM • S/N NOVA BAHIA,3314-8295,24h
MS - Mato Grosso do Sul,Campo Grande,CENTRO REGIONAL DE SAÚDE DR MARCÍLIO DE OLIVEIRA LIMA – CRS MORENINHA,RUA GUARABÚ DA SERRA · S/N MORENINHA III,3314-9028,24h
MS - Mato Grosso do Sul,Campo Grande,CENTRO REGIONAL DE SAÚDE DR. ANTONIO PEREIRA - CRS TIRADENTES,AV JOSÉ NOGUEIRA VIEIRA · S/N TIRADENTES,3314-3754,24h
MS - Mato Grosso do Sul,Campo Grande,CENTRO REGIONAL DE SAÚDE DR. JOÃO PEREIRA DA ROSA - CRS AERO RANCHO,AV. RAQUEL DE QUEIROZ · S/N AERO RANCHO,3314-6339,24h
MS - Mato Grosso do Sul,Campo Grande,CENTRO REGIONAL DE SAÚDE DR. WALDECK FLETNER DE CASTRO MAIA - CRS COOPHAVILA,RUA DA PENÍNSULA · S/N COOPHAVILA II,3373-5400,24h
MS - Mato Grosso do Sul,Campo Grande,CENTRO REGIONAL DE SAÚDE DR. ÊNIO CUNHA - CRS GUANANDY,AV MANOEL DA COSTA LIMA · 3272 GUANANDY,3314-6335,24h
MS - Mato Grosso do Sul,Campo Grande,CENTRO DE DOENÇAS INFECTO PARASITÁRIAS - CEDIP,RUA DOS COQUEMT - Mato Grosso IROS • S/N NOVA BAHIA,3314- 8289,7h às 17h
MT - Mato Grosso,RONDONOPOLIS,SAE RONDONOPOLIS,RUA PEDRO GUIMARAES S/N ESQUINA COM A AVENIDA FREI SERVACIO - JARDIM SANTA CRUZ CEP:78710760,(66)3411-5083,08:00 às 18:00h
MT - Mato Grosso,RONDONOPOLIS,HOSPITAL REGIONAL RONDONOPOLIS IRMA ELZA GEOVANELA,RUA 13 DE MAIO Nº 2366 BAIRRO JARDIM GUANABARA CEP: 78610080,(66)3411-3900,24h
MT - Mato Grosso,RONDONOPOLIS,SANTA CASA DE MISERICORDIA E MATERNIDADE DE RONDONOPOLIS,RUA ACYR RESENDE SOUZA E SILVA N°100 BAIRRO: VILA BIRIGUI - RONDONOPOLIS- MT,(66)3410-2700,24h
MT - Mato Grosso,CUIABA,SERVIÇO DE ATENDIMENTO ESPECIALIZADO,RUA PIRAIM BAIRRO GRANDE TERCEIRO,(65)3634-0497,08:00 às 18:00h
MT - Mato Grosso,SINOP,"CENTRO DE REFERENCIA E TREINAMENTO DE DST, AIDS E HEPATITES VIRAIS- CRT",AVENIDA FIGUEIRAS Nº1090- CENTRO- SINOP-MT.,(66)3531-5562,08:00 às 18:00h
MT - Mato Grosso,VARZEA GRANDE,SAE E CTA,AVENIDA CASTELO BRANCO NUMERO 650,(65)3688-3634,08:00 às 18:00h
MT - Mato Grosso,CUIABA,SERVIÇO DE ASSISTENCIA ESPECIALIZADA.,RUA THOGO PEREIRA Nº63- CENTRO- CUIABA-MT.,(65)3321-6857,08:00 às 18:00h
PA - Pará,BELEM,UPA DAICO,RODOVIA AUGUSTO MONTENEGRO KM 11 CEP:66623590/ PARQUE GUAJARA DISTRITO DE ICOARACI BELEM/PA,(91)93247-8321,24h
PA - Pará,BELEM,CENTRO DE ATENÇAO E DOENÇAS INFECTOS CONTAGIOSAS ADQUIRIDAS,AVENIDA PEDRO ALVARES CABRAL S/N BAIRRO SACRAMENTO,(91)3246-4025,08:00 às 18:00h
PB - Paraíba,Campina Grande,ISEA - Instituto de Saúde Elpídio de Almeida,"Av Vila Nova da Rainha, 147 Centro 58.690-100 Campina Grande",(83)3310-6356,06:00 às 06:00h
PB - Paraíba,Campina Grande,Hospital Universitário Alcides Carneiro,"Rua Carlos Chagas, SN São José 58.100-000 Campina Grande","(83)2101-5581, 2101-5526",07:00 às 18:00h
PB - Paraíba,Campina Grande,SAE Municipal,"Rua: Floriano Peixoto, 1204 Centenário 58.100-000",83-30886307,07:00 às 17:00h
PB - Paraíba,Campina Grande,Hospital Regional de Emergência e TraumaD.luis Gonzaga,"Av. Floriano Peixoto, 4700 Malvinas 58.432-809",83-33105850,NULL
PB - Paraíba,Patos,Hospital Regional Dep Janduhy Carneiro,"Rua Horácio Nóbrega, SN Belo Horizonte 58.700-000 Patos",(83)3421-2235 3422-2410,06:00 às 06:00h
PB - Paraíba,Patos,SAE Municipal,Rua João soares 117 Brasilia 58700-259,(83)3423-3645,07:00 às 17:00h
PB - Paraíba,Patos,Maternidade Dr. Peregrino Filho,Rua Elias Asfora S/N Jardim Guanabara 58.701-300,(83)3421-3751,NULL
PB - Paraíba,Santa Rita,SAE municipal,"Rua Juarez Távora, 486 Liberdade 58.300-540 Santa Rita",83-3032-0405,07:00 às 19:00h
PB - Paraíba,João Pessoa,SAE Hospital Universitário Lauro Wanderley,Campus I s/n Cidade Universitária 58.051-900,83-3216-7059/3216-7522,06:00 às 18:00h
PB - Paraíba,João Pessoa,Complexo Hospitalar de Doenças infecto-contagiosas Clementino Fraga,"Rua: Esther Borges Bastos 599 jaguaribe, João Pessoa 58.015-270",83-3218-5420,24h
PB - Paraíba,João Pessoa,Hospital de Emergência e trauma Senador Humberto Lucena,"Av. Orestes Lisboa, S/N Pedro Gondim 58.031-090",83-32165715,24h
PB - Paraíba,João Pessoa,Instituto Cândida Vargas,"Av. Coremas, 856 58.013-430",83-3015-1532,NULL
PB - Paraíba,João Pessoa,Maternidade Frei Damião,"Av. Cruz das Armas, 1581, Cruz das armas 58.085-000",83-32156066,24h
PB - Paraíba,Guarabira,Hospital Regional de Guarabira,Av. João Pimentel Filho 447 centro 58.200-000,83-32716080,NULL
PB - Paraíba,Catolé do Rocha,Hospital Municipal Dr Americo Maia Vasconcelos,Rua Castelo B ranço 349 Batalhão 58884-000,83-3441-2280,NULL
PB - Paraíba,Monteiro,Hospital Santa Filomena,Rua Epaminondas de Azevedo s/n Centro 58800-000,83-3351-2145,NULL
PB - Paraíba,Sousa,Hospital distrital Manoel Gonçalves Abrantes,Rua Jose Facundo de Lira 433 Gato Preto 58802-180,83-3522-2774,07 as 07:00h
PB - Paraíba,Cajazeiras,Hospital Regional de Cajazeiras,Rua: Tabeliao Antonio Holanda S/N 58300-000,83-35313563,NULL
PE - Pernambuco,CAMARAGIBE,SAE CAMARAGIBE,AVENIDA ERSINA LAPENDA N °349 BAIRRO DO TIMBI - CEP: 54768120,(81)81997-2305,08:00 às 18:00h
PE - Pernambuco,JABOATAO DOS GUARARAPES,CTA SAE JABOATAO DOS GUARARAPES,RUA ARAO LINS DE ANDRADE Nº 528 SALA 234567 BAIRRO: PRAZERES CEP: 54.320-640,(81)3375-1474,08:00 às 18:00h
PE - Pernambuco,PAULISTA,SERVIÇO DE ATENDIMENTO ESPECIALIZADO,AVENIDA RODOLFO AURELIANO N°714- VILA TORRES GALVAO - PAULISTA/PE,(81)3433-1572,08:00 às 12:00h
PE - Pernambuco,RECIFE,Serviço de Apoio a Mulher Wilma Lessa - Hospital Agamenon Magalhães - HAM,"Estrada do Arraial, 2723 Bairro de Casa Amarela",3184-1740,24h
PE - Pernambuco,RECIFE,Instituto de Medicina Integral Professor Fernando Figueira - IMIP,Rua dos Coelhos 300 Bairro dos Coelhos,2122-4145,24h
PE - Pernambuco,RECIFE,Centro Integrado de Saúde Amaury de Medeiros - CISAM,Rua Visconde de Mamanguape SN Bairro da Encruzilhada,3182-7757,24h
PE - Pernambuco,RECIFE,Hospital Correia Picanço - HCP,Rua Padre Roma 149 Bairro da Tamarineira,3184-3932,24h
PE - Pernambuco,RECIFE,Unidade Mista e Maternidade Prof. Barros Lima,"Avenida Norte Miguel Arraes de Alencar, 6465 - Casa Amarela - Recife - PE CEP: 52081-000",33552153,24h
PI - Piauí,TEREZINA,Instituto de Doenças Tropicais Natan Portela - IDTNP/SAE,"Rua Gov. Raimundo Artur de Vasconcelos, 151/Centro 64.001-450",86-3221-3413,7:30 às 13:30h
PI - Piauí,TEREZINA,Maternidade D. Evangelina Evangelina Rosa,"Av. Higino Cunha, 1552-Ilhotas 64.014-220",86-3228-1053,24h
PI - Piauí,TEREZINA,FMS – Centro de Integrado de Saúde Lineu Araújo-CISLA/SAE,"Rua Magalhães Filho, 152/Centro 64.001-350",86-3215-9131,7:30 às 13:30h
PI - Piauí,PARNAIBA,SMS - CTA/COAS,"Rua Passajarina, 247 - Bairro Pindorama 64.215-530",86-3323-2008,7:30 às 13:30h
PI - Piauí,PIRIPIRI,SMS/SAE,"Rua Santos Dumont, 1148/Centro",86-9964-0550,7:30 às 13:30h
PI - Piauí,FLORIANO,SMS/SAE,"Rua Fernando Marques, 459",89-3515-1128,7:30 às 13:30h
PI - Piauí,PICOS,SMS/SAE,"Rua Cel. Francisco Santos, 82 - Centro",89-3422-5409,7:30 às 13:30h
PR - Paraná,LONDRINA,CCIAH - HOSPITAL DR. ANISIO FIGUEREDO,RUA ODILON BRAGA 199,(11)3376-4636,24h
PR - Paraná,CAMPO MOURAO,SERVIÇO DE ATENDIMENTO ESPECIALIZADO CAMPO MOURAO,AVENIDA GUILHERME DE PAULA CHAVIER 1844,(44)3529-3347,08:00 às 18:00h
PR - Paraná,CAMBE,SAE- CTA DE CAMBE,RUA CARAJAS S/N - CEP:86181000,(43)3174-0552,08:00 às 18:00h
PR - Paraná,CIANORTE,CONSORCIO PUBLICO INTERMUNICIPAL DO ESTADO DO PARANA,RUA PIRATININGA 668 ZONA 01 CEP 87200256 CIANORTE - PR,(44)3018-4200,24h
PR - Paraná,CASCAVEL,CEDIP- CENTRO ESPECIALIZADO DE DOENÇAS INFECTOPARASITARIAS,AVENIDA TANCREDO NEVES N°2433 CEP:85805000,(43)3902-2681,08:00 às 18:00h
PR - Paraná,GUARAPUAVA,SAE CPA CENTRO DE PESTAGEM ANONIMO,"RUA GETULIO VARGAS 1891,BAIRRO CENTRO ,CEP 85010280",(42)3621-4524,24h
PR - Paraná,CURITIBA,COA ( Centro de Orientação e Aconselhamento),RUA DO ROSÁRIO 144 6º andar CENTRO,33212781,08:00 às 17:00h
PR - Paraná,CURITIBA,UPA MATRIZ,RUA GENERAL CARNEIRO 181 CENTRO,32641834,24h
PR - Paraná,CURITIBA,HOSPITAL OSWALDO CRUZ,RUA UBALDINO DO AMARAL 545 ALTO DA GLORIA,32811000,24h
PR - Paraná,CURITIBA,Hospital Infantil Pequeno Príncipe (exclusivo vlioência sexual para menores de 12 anos masculino e feminino ),"DESEMBARGADOR MOTTA 1070, ÁGUA VERDE",33101010,24h
PR - Paraná,CURITIBA,Maternidade do Hospital de Clinicas (exclusivo vlioência sexuamaiores de 12 anos ),"RUA GENERAL CARNEIRO 181, CENTRO",33601826,24h
PR - Paraná,CURITIBA,HOSPITAL Universitário Evangélico de Curitiba (exclusivo vlioência sexua maiores de 12 anos feminino ),"ALAMEDA AUGUSTO STELLFELD 1908, BIGORRILHO",32405000,24h
RJ - Rio de Janeiro,RIO DAS OSTRAS,"PROGRAMADA MUNICIPAL,DST, HIV,HEPATITE VIRAIS RIO DAS OSTRAS.",AVENIDA CAMPO MAR CIDADE BEIRA MAR,(22)2760-2736,24h
RJ - Rio de Janeiro,SAO GONCALO,PROGRAMA MUNICIPAL DE DST AINDS E HEPATITES VIRAIS DE SAO GONÇALO,RUA EUGENIO RIBEIRO NEVES - SAO GONÇALO,(21)99188-8386,08:00 às 18:00h
RJ - Rio de Janeiro,SAO JOAO DE MERITI,PROGRAMA MUNICIPAL DST E AIDS DE JOAO DE MERITI,RUA: PASTOR JOAQUIM ROSA BAIRRO VILA ADULTERINO Nº SEM CEP:25555681,(21)3755-5525,08:00 às 18:00h
RJ - Rio de Janeiro,MACAE,PROGRAMA MUNICIPAL DST/AIDS-MACAE,RUA VELHO CAMPOS N° 354 BAIRRO CENTRO MINICIPIO MACAE RJ,(22)2796-1234,08:00 às 18:00h
RJ - Rio de Janeiro,BARRA MANSA,"PROGRAMA DE DST, AIDS E HEPATITES VIRAIS","RUA PITRO RIBEIRO, NUMERO 65, CENTRO",(24)3322-9192,08:00 às 18:00h
RJ - Rio de Janeiro,QUEIMADOS,"PROGRAMA DST, AIDS E HEPATITES VIRAIS DO MUNICIPIO DE QUEIMADOS.","RUA 11 SEM NUMERO BAIRRO VILA PACAEMBU, QUEIMADOS CEP: 26.380-000",(21)99463-1547,08:00 às 18:00h
RJ - Rio de Janeiro,Rio de Janeiro,CF Rinaldo de Lamare,Av. Niemeyer 776 15º andar S. Conrado CEP 22450-221,98464-0395,08:00 às 18:00h
RJ - Rio de Janeiro,Rio de Janeiro,CF Maria do Socorro Souza e Silva / UPA Rocinha,Estrada da Gávea 522 Curva do S Rocinha CEP 22451-254,3322-6694,24h
RJ - Rio de Janeiro,Rio de Janeiro,CMS Albert Sabin,Estrada da Gávea 250 Rocinha CEP 22451-254,3323-4680,08:00 às 18:00h
RJ - Rio de Janeiro,Rio de Janeiro,CMS Rodolpho Perissé,Av. Presidente João Goulart 735 Vidigal CEP 22450-250,3874-4002,08:00 às 18:00h
RJ - Rio de Janeiro,Rio de Janeiro,Hospital Municipal Rocha Maia,Rua General Severiano 91 Botafogo CEP 2295-2295,2295-2295,24h
RJ - Rio de Janeiro,Rio de Janeiro,CMS MARIA AUGUSTA ESTRELLA,"RUA VISCONDE DE ST. IZABEL, 56 - VILA ISABEL CEP 20560-110",(21) 3111-6100,08:00 às 18:00h
RJ - Rio de Janeiro,Rio de Janeiro,CMS HEITOR BELTRÃO,"RUA DESEMBARGADOR ISIDRO, 144 - TIJUCA CEP 20521-160",(21) 2268-6642,08:00 às 18:00h
RJ - Rio de Janeiro,Rio de Janeiro,CMS IGG MIGUEL PEDRO,RUA VINTE E OITO DE SETEMBRO 109 - VILA ISABEL CEP 20551-030,NULL,08:00 às 18:00h
RJ - Rio de Janeiro,Rio de Janeiro,CF RECANTO DO TROVADOR,"RUA VISCONDE DE ST. IZABEL, 272 - VILA ISABEL CEP 20560-120",(21) 2577-7097,08:00 às 18:00h
RJ - Rio de Janeiro,Rio de Janeiro,CMS CARLOS FIGUEIREDO FILHO,"RUA SÃO MIGUEL, S/N PATIO CIEP MAGARINO TORRES - TIJUCA CEP 20530-991",(21) 2575-5056,08:00 às 18:00h
RJ - Rio de Janeiro,Rio de Janeiro,CMS HÉLIO PELLEGRINO,"RUA MATOSO, 96 - PRAÇA DA BANDEIRA CEP 20270-132",(21) 2502-9545,08:00 às 18:00h
RJ - Rio de Janeiro,Rio de Janeiro,CMS PROFESSOR JULIO BARBOSA,"RUA CASTELO NOVO, 150 FUNDOS - TIJUCA MORRO DA FORMIGA CEP 20530-680",(21) 2278-9002,08:00 às 18:00h
RJ - Rio de Janeiro,Rio de Janeiro,HOSPITAL MUNICIPAL DE GERIATRIA E GERONTOLOGIA MIGUEL PEDRO,"RUA VISCONDE DE NITEROI, 1450 - MANGUEIRA CEP 20943-001",(21)3111-6800,08:00 às 18:00h
RJ - Rio de Janeiro,Rio de Janeiro,POLICLINICA HÉLIO PELLEGRINO,"RUA MATOSO, 96 - PRAÇA DA BANDEIRA CEP 20270-132",(21) 2273-1194,08:00 às 18:00h
RJ - Rio de Janeiro,Rio de Janeiro,CMS CASA BRANCA,"ESTRADA DA CASA BRANCA, 200 - TIJUCA CEP 20531-490",(21) 2298-3365,08:00 às 18:00h
RJ - Rio de Janeiro,Rio de Janeiro,CMS NICOLA ALBANO,"RUA BOA VISTA, 190 - ALTO DA BOA VISTA CEP 20531-610",(21) 2484-8312,08:00 às 18:00h
RJ - Rio de Janeiro,Rio de Janeiro,SMS RIO CMS Dr. Eduardo Araújo Vilhena Leite,"Rua José dos Reis, 951 Pilares 20.770-061",(21) 3111-6693,08:00 às 18:00h
RJ - Rio de Janeiro,Rio de Janeiro,SMS RIO CMS Milton Fontes Magarão,"Avenida Amaro Cavalcanti, 1.387 Engenho de Dentro 20.735-041",(21) 3111-6707,08:00 às 18:00h
RJ - Rio de Janeiro,Rio de Janeiro,SMS RIO Policlinica Rodolpho Rocco,"Estrada Adhemar Bebiano, 339 Del Castilho 21.051-070",(21) 3884-6418,24h
RJ - Rio de Janeiro,Rio de Janeiro,SMS RIO CMS Ariadne Lopes de Menezes,"Rua Engenheiro Carlos Gonçalves Penna, SN Engenho da Rainha 20.761-330",(21) 3111-6755,08:00 às 18:00h
RJ - Rio de Janeiro,Rio de Janeiro,SMS RIO CMS Dr. Renato Rocco,"Rua Aires de Casal, SN Jacaré 20.785-090",(21) 3297-2521,08:00 às 18:00h
RJ - Rio de Janeiro,Rio de Janeiro,SMS RIO CMS Dr. Carlos Gentille de Mello,"Rua Bicuiba, 181 Lins de Vasconcelos 20.715-350",(21) 2261-5822,08:00 às 18:00h
RJ - Rio de Janeiro,Rio de Janeiro,SMS RIO CMS César Pernetta,"Rua Ana Barbosa, 21 Méier 20.735-120",(21) 3111-6716,24h
RJ - Rio de Janeiro,Rio de Janeiro,SMS RIO CMS Tia Alice,"Rua Santos Mello, 72 São Francisco Xavier 20.960-030",(21) 2218-2795,08:00 às 18:00h
RJ - Rio de Janeiro,Rio de Janeiro,SMS RIO CMS Professor Antenor Nascentes,"Rua Professor Antenor Nascentes, 125 Lins de Vasconcelos 21.710-150",(21) 3277-6368,08:00 às 18:00h
RJ - Rio de Janeiro,Rio de Janeiro,SMS RIO CF Herbert José de Souza,"Avenida Pastor Martin Luther King Junior, 4.776 Thomas Coelho 21.220-300",(21) 3352-4528,08:00 às 18:00h
RJ - Rio de Janeiro,Rio de Janeiro,SMS RIO CF Izabel dos Santos,"Rua Dois de Maio, 220 Sampaio 20.961-160",(21) 3297-3998,08:00 às 18:00h
RJ - Rio de Janeiro,Rio de Janeiro,SMS RIO CF Anna Nery,"Rua Ana Neri com Rua General Belford, SN Rocha 20.960-0821",(21) 3283-3225,08:00 às 18:00h
RJ - Rio de Janeiro,Rio de Janeiro,SMS RIO CF Emygdio Alves Costa Filho,"Rua do Lazer, 153 Pilares 20.760-230",(21) 3111-6724,08:00 às 18:00h
RJ - Rio de Janeiro,Rio de Janeiro,SMS RIO CF Cabo Edney Canazaro de Oliveira,"Avenida Marechal Rondon com Rua Antunes Garcia, SN Sampaio 20.950-060",(21) 3297-0831,08:00 às 18:00h
RJ - Rio de Janeiro,Rio de Janeiro,SMS RIO CF Anthidio Dias da Silveira,"Avenida Dom Hélder Câmara, SN Jacarezinho 20.973-011",(21) 2241-0675,08:00 às 18:00h
RJ - Rio de Janeiro,Rio de Janeiro,SMS RIO CF Bárbara Starfield,"Rua Volta Grande, SN Del Castilho 21.051-100",(21) 2228-6078,08:00 às 18:00h
RJ - Rio de Janeiro,Rio de Janeiro,SMS RIO CF Bibi Vogel,"Estrada Adhemar Bebiano, 3.686 Engenho da Rainha 20.766-721",(21) 2229-2664,08:00 às 18:00h
RJ - Rio de Janeiro,Rio de Janeiro,SMS RIO CF Sérgio Nicolau Amin,"Praça da Confederação Suíça, SN Del Castilho 20.760-020",(21) 3277-4010,08:00 às 18:00h
RJ - Rio de Janeiro,Rio de Janeiro,SMS RIO CMS Rodolpho Rocco,"Rua Lagoa Verde, SN Del Castilho 21.051-360",(21) 3868-4243,08:00 às 18:00h
RJ - Rio de Janeiro,Rio de Janeiro,SMS RIO CF Carioca,"Rua Bérgamo, 320 Rocha 20.960-045",(21) 2501-6577,08:00 às 18:00h
RJ - Rio de Janeiro,Rio de Janeiro,SMS Hospital Municipal Salgado Filho,"Rua Arquias Cordeiro, 370 Méier 20.770-000",(21) 3111-4100,24h
RJ - Rio de Janeiro,Rio de Janeiro,SMS Hospital Maternidade Carmela Dutra,"Rua Aquidabã, 1037 Lins de Vasconcelos 20.720-295",(21) 2594-0288,24h
RJ - Rio de Janeiro,Rio de Janeiro,SES RJ UPA 24H Engenho Novo,"Rua Souza Barros, 70 Engenho Novo 20.961-150",(21) 2332-2347,24h
RJ - Rio de Janeiro,Rio de Janeiro,SMS UPA 24H Engenho de Dentro,"Rua Bernardo, s/n Engenho de Dentro 20.745-270",(21) 2592-0502,24h
RJ - Rio de Janeiro,Rio de Janeiro,CMS Santa Maria,Estrada do Rio Pequeno s/ nº Taquara 22723195,33472047,08:00 às 18:00h
RJ - Rio de Janeiro,Rio de Janeiro,CMS Mata Atlantica,AVENIDA SAMPAIO CORREA s/nº Jacarepaguá 22713375,24489066,08:00 às 18:00h
RJ - Rio de Janeiro,Rio de Janeiro,CMS Newton Bethlem,Rua Barão 260 Praça Seca 21321620,38337052,08:00 às 18:00h
RJ - Rio de Janeiro,Rio de Janeiro,CMS Jorge Saldanha,AVENIDA GEREMARIO DANTAS 135 Tanque 22735000,3392-0050,08:00 às 18:00h
RJ - Rio de Janeiro,Rio de Janeiro,CMS Hamilton Land,AV EDGARD WERNECK 1601 Cidade de Deus 22763011,34123199,08:00 às 18:00h
RJ - Rio de Janeiro,Rio de Janeiro,CF Otto Alves de Carvalho,AVENIDA ENGENHEIRO SOUZA FILHO Rio das Pedras 22723730,34155020,08:00 às 18:00h
RJ - Rio de Janeiro,Rio de Janeiro,CF Padre Jose de Azevedo Tiuba,RUA ACAPORI Gardenia Azul 24262061,24262061,08:00 às 18:00h
RJ - Rio de Janeiro,Rio de Janeiro,CMS Canal do Anil,Rua Melo 2 Anil 22765430,34329717,08:00 às 18:00h
RJ - Rio de Janeiro,Rio de Janeiro,CMS Novo Palmares,RUA JACARANDA Vargem Pequena 22783117,24426735,08:00 às 18:00h
RJ - Rio de Janeiro,Rio de Janeiro,CF Maury Alves de Pinho,"ESTRADA DOS BANDEIRANTES 11227, complemento rua F Vargem Pequena 22783116",34108572,08:00 às 18:00h
RJ - Rio de Janeiro,Rio de Janeiro,CMS Itanhangá,ESTRADA DO ITANHANGA 270 Itanhangá 22753005,31394904,08:00 às 18:00h
RJ - Rio de Janeiro,Rio de Janeiro,CMS Harvey Ribeiro Souza Filho,AVENIDA GUIOMAR NOVAES 133 Racreio 22790590,34182547,08:00 às 18:00h
RJ - Rio de Janeiro,Rio de Janeiro,CMS Cecilia Donnangelo,ESTRADA DOS BANDEIRANTES 2136 Vargem Grande 22783551,33250300,08:00 às 18:00h
RJ - Rio de Janeiro,Rio de Janeiro,UPA Jacarepaguá,RUA ANDRE ROCHA 20 Taquara 22730-522,2333-6536,24h
RJ - Rio de Janeiro,Rio de Janeiro,CMS Curicica,ESTRADA DO CURICICA 2000 CURICICA 22780194,24080058,08:00 às 18:00h
RJ - Rio de Janeiro,Rio de Janeiro,CMS SIR ALEXANDER FLEMING,"Av Ribeiro Dantas, 571 Bangu 21870-170",33350594,NULL
RJ - Rio de Janeiro,Rio de Janeiro,POLICLINICA MANOEL G DA SILVEIRA FILHO,"Praça Cecília Pedro, 60 Bangu 21840-440",3332-4970,NULL
RJ - Rio de Janeiro,Rio de Janeiro,CMS WALDYR FRANCO,"Estrada do quafá,rua I Vila Kenedy 21853-050",3332-9322,NULL
RJ - Rio de Janeiro,Rio de Janeiro,CMS HENRIQUE MONAT,"Rua Santo Evaldo, s/n Padre Miguel 21875-220",3468-3421,NULL
RJ - Rio de Janeiro,Rio de Janeiro,CMS PADRE MIGUEL,"Rua Roque Barbosa, s/n Jardim Bangu 21863-425",3335-0535,NULL
RJ - Rio de Janeiro,Rio de Janeiro,CMS ATHAYDE JOSE DA FONSECA,Rua Hilda Carla 14 Santíssimo 23010-765,3336-1964,NULL
RJ - Rio de Janeiro,Rio de Janeiro,CMS SILVIO BARBOZA,"Av. Carlos Pontes, S/N Sulacap 21741-340",34658640,NULL
RJ - Rio de Janeiro,Rio de Janeiro,CMS MASAO GOTO,Rua C com Rua M Conjunto Taquaral Senador Camará 21842-550,3111-6201,NULL
RJ - Rio de Janeiro,Rio de Janeiro,CMS EITHEL PINHEIRO DE OLIVEIR,"Estrada do engenho, s/nº Realengo 21840-000",3338-5870,NULL
RJ - Rio de Janeiro,Rio de Janeiro,CF ANTONIO GONCALVES DA SILVA,rua Laranjeiras do Sul S/Nº Magalhães Bastos 21745-350,3467-9893,NULL
RJ - Rio de Janeiro,Rio de Janeiro,CMS BUA BOANERGES BORGES DA FONSECA,"Rua Araquém, 789 Bangu 21860-005",34625134,NULL
RJ - Rio de Janeiro,Rio de Janeiro,CF ROSINO BACCARINI,"Av. Santa Cruz, s/n Realengo 21765020",24015924,NULL
RJ - Rio de Janeiro,Rio de Janeiro,CF ARMANDO PALHARES AGUINAGA,"Rua Três Marias, s/n Catiri 21860340",2401-7787,NULL
RJ - Rio de Janeiro,Rio de Janeiro,CMS CATIRI,Estrada do Taquaral 100 Vila Aliança 21842-550,24033686,NULL
RJ - Rio de Janeiro,Rio de Janeiro,CF MARIA JOSÉ,"Rua Açafrão, s/nº Bangu 21870-330",3462-7686,NULL
RJ - Rio de Janeiro,Rio de Janeiro,CF FIORELLO RAYMUNDO,Rua Olimpia Esteves s/n Padre Miguel 21775-003,3468-8516,NULL
RJ - Rio de Janeiro,Rio de Janeiro,CF OLIMPIA ESTEVES,"Av. Carlos Sampaio, s/nº Senador Camará 21831-300",3309-3487/2401-0207,NULL
RJ - Rio de Janeiro,Rio de Janeiro,CF KELLY CRISTINA DE SA LACERDA SILVA,"Estrada Manoel Nogueira de Sá, s/nº Realengo 21745-290",34630644,NULL
RJ - Rio de Janeiro,Rio de Janeiro,CF PADRE JOHN CRIBBIN,"Rua Mucuripe, s/nº Bangu 21832-150",35554877,NULL
RJ - Rio de Janeiro,Rio de Janeiro,CF MARIO DIAS ALENCAR,Estrada General Americano Freire s/n Realengo 21720-140,3424-8997,NULL
RJ - Rio de Janeiro,Rio de Janeiro,CF NILDO AGUIAR,"Rua Marechal Agrícola, s/nº Realengo 21735-370",3464-9344,NULL
RJ - Rio de Janeiro,Rio de Janeiro,CF FAIM PEDRO,NULL,3462-8646,NULL
RJ - Rio de Janeiro,Rio de Janeiro,CF Deolindo Couto,"Rua Santo Augúrio, 40 - Pedrinhas - Santa Cruz -- CEP:23.510-220",3427-7433 / 3158-9665,NULL
RJ - Rio de Janeiro,Rio de Janeiro,CF Edson Abdalla Saad,"Rua 1 com Av. Canal 3, S/n - Santa Cruz -- CEP: 23.575-070",3365-5365,NULL
RJ - Rio de Janeiro,Rio de Janeiro,CF Ernani de Paiva Ferreira Braga,"Avenida joão XXIII, s/n - Santa Cruz -- CEP: 23560-000",2416-5773,NULL
RJ - Rio de Janeiro,Rio de Janeiro,CF Helande de Mello Gonçalves,"Estrada de Paciência, s/nº - Pç Malendo Malea - Paciência -- CEP: 23585-045",3395-3020,NULL
RJ - Rio de Janeiro,Rio de Janeiro,CF Ilzo Motta de Mello,"Avenida Cesário de Melo, 11485 - Paciência --CEP: 23.585-125",3395-6771,NULL
RJ - Rio de Janeiro,Rio de Janeiro,CF Jamil Haddad,"Rua Soldado João Rotelo, s/n - Paciência -- CEP: 23.066-090",3354-1447,NULL
RJ - Rio de Janeiro,Rio de Janeiro,CF José Antônio Ciraudo,"Avenida Areia Branca, 1428 - Santa Cruz -- CEP: 23550-740",2394-2766,NULL
RJ - Rio de Janeiro,Rio de Janeiro,CF Lenice Maria Monteiro Coelho,"Rua José Carlos Matta Machado, s/n - Pç Miguel Pereira dos Santos - Santa Cruz -- CEP: 23575-410",3484-0882,NULL
RJ - Rio de Janeiro,Rio de Janeiro,CF Lourenço de Mello,Rua Coronel Tito Porto Carrero - Paciência -- CEP: 23580-010,3427-7068 / 3427-5844,NULL
RJ - Rio de Janeiro,Rio de Janeiro,CF Samuel Penha Valle,"Avenida Cesário de Melo, 12574 - Vila Paciência -- CEP: 23590-040",3313-0945,NULL
RJ - Rio de Janeiro,Rio de Janeiro,CF Sérgio Arouca,"Rua Império, s/n - Santa Cruz -- CEP: 23555-024",3365-1524 / 3395-2249,NULL
RJ - Rio de Janeiro,Rio de Janeiro,CF Valéria Gomes Esteves,"Rua Vitória Régia, Qd 04 - Sepetiba -- CEP: 23540-000",3158-1733,NULL
RJ - Rio de Janeiro,Rio de Janeiro,CF Waldemar Berardinelli,"Rua Frederico Trotta, s/n -- CEP: 23535-790",3158-1024,NULL
RJ - Rio de Janeiro,Rio de Janeiro,CMS Adelino simôes - Nova Sepetiba,"Avenida Sete, s/n - Santa Cruz -- CEP: 23092-660",3292-6680,NULL
RJ - Rio de Janeiro,Rio de Janeiro,CMS Aloysio Amancio da Silva,"Estrada do Cortume, S/n - Jesuitas - Santa cruz -- CEP: 23.575-270",3395-4190 / 3305-4894,NULL
RJ - Rio de Janeiro,Rio de Janeiro,CMS Cattapreta,Praça josé Bonerges César (Rua 3) - Conjunto São fernando - Santa Cruz,3395-3297 / 3158-1734,NULL
RJ - Rio de Janeiro,Rio de Janeiro,CMS Cesário de Melo,"Rua Dois, s/n.º - conjunto cesarão - Santa Cruz -- CEP: 23.595-020",3305-2049 / 3395-1633,NULL
RJ - Rio de Janeiro,Rio de Janeiro,CMS Cyro de Mello,"Rua do canal, S/n - Conjunto Manguariba - Paciência -- CEP: 23065-470",2418-8065,NULL
RJ - Rio de Janeiro,Rio de Janeiro,CMS Décio Amaral Filho,"Rua Cilon Cunha Brum, s/n - urucania - Paciência -- CEP: 23573-400",3158-1556 / 3158-1434,NULL
RJ - Rio de Janeiro,Rio de Janeiro,CMS Emydio Cabral,"Rua Ieda Santos Delgado, 03 - Paciência CEP: 23587-320",3314-5159,NULL
RJ - Rio de Janeiro,Rio de Janeiro,CMS Floripes Galdino Pereira,"Rua Sargento Geraldo Berti, Lt 03, Qd 29 - Jardim Palmares - Santa Cruz -- CEP: 23.066-050",3354-1080 / 3427-7056,NULL
RJ - Rio de Janeiro,Rio de Janeiro,CMS João Batista Chagas,"Estrada Santa Eugênia, 1119 - Jardim 7 de abril - Paciência -- CEP: 23585-430",2418-8099,NULL
RJ - Rio de Janeiro,Rio de Janeiro,CMS Maria Aparecida de Almeida,"Praça Antonio Mattos Areias, s/n - Cesarinho - Paciência",3155-7671 / 3364-0472,NULL
RJ - Rio de Janeiro,Rio de Janeiro,CMS Sávio Antunes,Avenida Hermínia Aurelio Sampaio - Santa Cruz,3317-3185,NULL
RJ - Rio de Janeiro,Rio de Janeiro,Policlínica Lincoln de Freitas Filho,"Rua Alvaro Alberto, 601 - Santa Cruz",339-52466 / 339-54129 / 3395-50605,NULL
RJ - Rio de Janeiro,Rio de Janeiro,CAPS Simão Bacamarte,"Rua Senador Camará, 224 - Santa Cruz - CEP: 23570-160",339-50898 / 336-58775,NULL
RJ - Rio de Janeiro,Rio de Janeiro,CAPSad Julio Cezar de Carvalho,"Rua Severiano das Chagas, 196 – Santa Cruz - CEP: 23510-045",3156-9277,NULL
RJ - Rio de Janeiro,Rio de Janeiro,Hospital Municipal Pedro II,"Rua do Prado, 325 - Santa Cruz",3395-0289 / 3365-0300 / 3365-5201,NULL
RJ - Rio de Janeiro,Rio de Janeiro,UPA Municipal 24H Sepetiba,"Rua Rafael Pereira, S/Nº - CEP: 23535-808",3404-7250 / 3404-8693 / 7884-0232,NULL
RJ - Rio de Janeiro,Rio de Janeiro,UPA Municipal 24H João XXIII,"Av. João XXIII , S/Nº - CEP: 23570-000",2416-5719 / 3157-5411 / 7880-2764,NULL
RJ - Rio de Janeiro,Rio de Janeiro,UPA Municipal 24H Paciência,"Estrada Santa Eugênia, S/Nº CEP: 23585-430",3426-4410 / 3406-7697 / 7884-9709,NULL
RJ - Rio de Janeiro,Rio de Janeiro,SMS CMS OSWALDO CRUZ AP 10,AV HENRIQUE VALADARES 151 CENTRO CEP 20230010,(21) 22248054,NULL
RJ - Rio de Janeiro,Rio de Janeiro,SMS CSE LAPA AP 10,RUA DO RIACHUELO 43 CENTRO CEP 20230010,(21)32316026,NULL
RJ - Rio de Janeiro,Rio de Janeiro,SMS CSE SAO FRANCISCO DE ASSIS AP 10,RUA AFONSO CAVALCANTI 20 CIDADE NOVA CEP 20230030,(21)3184-4449,NULL
RJ - Rio de Janeiro,Rio de Janeiro,SMS CMS MARCOLINO CANDAU AP 10,RUA LAURA DE ARAUJO 36 CIDADE NOVA CEP 20211170,(21)2273-2244,NULL
RJ - Rio de Janeiro,Rio de Janeiro,SMS CF NELIO DE OLIVEIRA AP 10,RUA RIVADAVIA CORREA 188 GAMBOA CEP:20220290,NULL,NULL
RJ - Rio de Janeiro,Rio de Janeiro,SMS CMS JOSE MESSIAS DO CARMO AP 10,RUA WALDEMAR DUTRA 55 SANTO CRISTO CEP 20220780,(21)22331690,NULL
RJ - Rio de Janeiro,Rio de Janeiro,SMS POLICLINICA ANTONIO RIBEIRO NETTO AP 1 0,AV TREZE DE MAIO 23 SALA 901 CENTRO CEP 20031000,(21)22206286,NULL
RJ - Rio de Janeiro,Rio de Janeiro,SMS CMS ERNESTO ZEFERINO TIBAU JR AP 10,AVENIDA DO EXERCITO 1 SÃO CRISTOVAM CEP 20910025,(21)38958658,NULL
RJ - Rio de Janeiro,Rio de Janeiro,SMS CMS FERN A BRAGA LOPES CAJU AP 10,RUA CARLOS SEIDL 785 CAJU CEP 20931004,(21)25894183,NULL
RJ - Rio de Janeiro,Rio de Janeiro,SMS CF SERGIO VIEIRA DE MELLO AP 10,AVENIDA TRINTA E UM DE MARCO TERRENO DA CHAMINE CATUMBI CEP 20251000,(21)25024366,NULL
RJ - Rio de Janeiro,Rio de Janeiro,SMS CMS SALLES NETTO AP 10,PRACA CONDESSA PAULO DE FRONTIN 52 RIO COMPRIDO CEP 20261190,(21)22731162,NULL
RJ - Rio de Janeiro,Rio de Janeiro,SMS CMS TURANO AP 10,RUA AURELIANO PORTUGAL 289 RIO COMPRIDO CEP 20261160,(21)3449-0778,NULL
RJ - Rio de Janeiro,Rio de Janeiro,SMS CMS ERNANI AGRICOLA AP 10,RUA CONSTANT JARDIM 08 SANTA TERESA CEP 20241160,(21)22247194,NULL
RJ - Rio de Janeiro,Rio de Janeiro,SMS CMS MANOEL ARTHUR VILLABOIM AP 10,PRACA BOM JESUS 40 ILHA DE PAQUETA CEP 20397140,(21)33970123,NULL
RJ - Rio de Janeiro,Rio de Janeiro,Centro de Saúde Escola Germano Sinval Faria,"Rua Leopoldo Bulhões, 1480 Manguinhos CEP: 21041210",(21)2598-2796,08:00 às 18:00h
RJ - Rio de Janeiro,Rio de Janeiro,Centro Municipal de Saúde Américo Veloso,"Rua Gerson Ferreira, 100 Ramos CEP: 21030-151",(21)3868-8087,08:00 às 18:00h
RJ - Rio de Janeiro,Rio de Janeiro,Policlínica José Paranhos Fontenelle,"Rua Leopoldina, 700 Penha CEP: 21021-522",(21)31116925,08:00 às 18:00h
RJ - Rio de Janeiro,Rio de Janeiro,Clínica da Família Aloysio Augusto Novis,"Avenida Braz de Pina, 651 Penha Circular 21070031",(21)2270-5732,08:00 às 18:00h
RJ - Rio de Janeiro,Rio de Janeiro,Clínica da Família Assis Valente,"Avenida das Canárias, s/nº Galeão CEP 21931582",(21)2465-3496,08:00 às 18:00h
RJ - Rio de Janeiro,Rio de Janeiro,Clínica da Família Augusto Boal,"Rua Guilherme Maxwell, 107 MARÉ CEP: 21040211",(21)31058982,08:00 às 18:00h
RJ - Rio de Janeiro,Rio de Janeiro,Clínica da Família Felippe Cardoso,"Avenida Nossa Senhora da Penha, 42 PENHA CEP: 21070-390",(21)3977-7661,08:00 às 18:00h
RJ - Rio de Janeiro,Rio de Janeiro,Clínica da Família Heitor dos Prazeres,"Rua Iguaperiba, s/nº Brás de Pina CEP: 21012-020",(21)3109-0192,08:00 às 18:00h
RJ - Rio de Janeiro,Rio de Janeiro,Clínica da Família Joãozinho Trinta,"Rua Anamá, s/nº Vigário Geral CEP: 21214-020",(21)34485440,08:00 às 18:00h
RJ - Rio de Janeiro,Rio de Janeiro,Clínica da Família Palmeiras,"Rua Augusto Borborema, s/nº Estação do Teleférico Palmeiras Complexo do Alemão CEP: 20766195",(21)99398-8383,08:00 às 18:00h
RJ - Rio de Janeiro,Rio de Janeiro,Centro Municipal de Saúde Alemão,"Avenida Itararé, s/nº Complexo do Alemão CEP: 21061-240",(21)2260-2972,08:00 às 18:00h
RJ - Rio de Janeiro,Rio de Janeiro,Centro Municipal de Saúde Gustavo Capanema,Rua via 1 s/n. Maré CEP: 21042-020,(21)3885-6541,08:00 às 18:00h
RJ - Rio de Janeiro,Rio de Janeiro,Centro Municipal de Saúde Hélio Smith,Rua Tancredo Neves s/n Maré CEP: 21044-725,(21)3882-3664,08:00 às 18:00h
RJ - Rio de Janeiro,Rio de Janeiro,Centro Municipal de Saúde Iraci Lopes,Rua Antonio Mendes n.02 Vigário Geral CEP: 21010-690,(21)3451-9504,08:00 às 18:00h
RJ - Rio de Janeiro,Rio de Janeiro,Centro Municipal de Saúde Maria Cristina Roma Paugartten,Rua Joaquim Gomes s/n. RAMOC CEP: 21038-060,(21)3867-0569,08:00 às 18:00h
RJ - Rio de Janeiro,Rio de Janeiro,Centro Municipal de Saúde João Candido,Av. Lobo Junior n.83 –Marcílio Dias Penha Circular CEP: 21011-065,(21)2584-2083,08:00 às 18:00h
RJ - Rio de Janeiro,Rio de Janeiro,Centro de Saúde José breves dos Santos,Rua Mar Grande n.10 Cordovil CEP: 21010-290,(21)2485-6231,08:00 às 18:00h
RJ - Rio de Janeiro,Rio de Janeiro,Centro Municipal de Saúde Nagib Jorge Farah,Praça Soldado Michel Cheib s/nº Jardim América CEP: 21240-780,(21)3357-7006,08:00 às 18:00h
RJ - Rio de Janeiro,Rio de Janeiro,Centro Municipal de Saúde Necker Pinto,"Estrada Jequia, 428 Zumbi Ilha do Governador CEP: 21240-780",(21)33675264,08:00 às 18:00h
RJ - Rio de Janeiro,Rio de Janeiro,Centro Municipal de Saúde Nova Holanda,"Rua Ivanildo Alves, s/nº Maré CEP: 21043-230",(21)3105-6560,08:00 às 18:00h
RJ - Rio de Janeiro,Rio de Janeiro,Centro Municipal de Saúde Vila do João,"Rua 17, s/nº Vila do João Maré CEP: 21040-360",(21)3109-0006,08:00 às 18:00h
RJ - Rio de Janeiro,Rio de Janeiro,Clínica da Família Victor Valla,"Avenida Dom Helder Câmara, 1390 Manguinhos CEP: 20973-012",(21)22014476,08:00 às 18:00h
RJ - Rio de Janeiro,Rio de Janeiro,Unidade de Pronto Atendimento 24 H Manguinhos,"Avenida Dom Helder Camara, 1390 Manguinhos CEP: 20973011",(21) 2332-2407,24h
RJ - Rio de Janeiro,Rio de Janeiro,Unidade de Pronto Atendimento 24H Complexo do Alemão,"Avenida do Itararé, 951 Complexo do Alemão CEP: 21061600",(21)3868-3948,24h
RJ - Rio de Janeiro,Rio de Janeiro,CF ANA MARIA CONCEICAO DOS SANTOS CORREIA,RUA QUATRO S/N CONJUNTO IPASE VILA KOSMOS CEP:21210530,(21)33527818,08:00 às 18:00h
RJ - Rio de Janeiro,Rio de Janeiro,CF CARLOS NERY DA COSTA FILHO,RUA CLARIMUNDO DE MELO 847 FAETEC QUINTINO QUINTINO CEP: 21311282,(21)22691911,08:00 às 18:00h
RJ - Rio de Janeiro,Rio de Janeiro,CF DANTE ROMANO JUNIOR,RUA CAROLINA MACHADO S/N MARECHAL HERMES CEP: 21557100,(21)24896838,08:00 às 18:00h
RJ - Rio de Janeiro,Rio de Janeiro,CF EPITACIO SOARES REIS,AV CHISOSTOMO PIMENTEL DE OLIVEIRA S/N PAVUNA CEP: 21550000,(21)24557190,08:00 às 18:00h
RJ - Rio de Janeiro,Rio de Janeiro,CF JOSUETE SANTANNA DE OLIVEIRA,RUA LUIZ COUTINHO CAVALCANTI S/N GUADALUPE CEP: 21675380,(21)30150122,08:00 às 18:00h
RJ - Rio de Janeiro,Rio de Janeiro,CF MAESTRO CELESTINO,LOURENCO MARQUES RUA 70 MARECHAL HERMES CEP: 20211110,(21)30174920,08:00 às 18:00h
RJ - Rio de Janeiro,Rio de Janeiro,CF MANOEL FERNANDES DE ARAUJO,RUA LAUDO DE CAMARGO S/N PAVUNA CEP: 21655250,(21)3358 7884,08:00 às 18:00h
RJ - Rio de Janeiro,Rio de Janeiro,CF MARCOS VALADAO,AV PASTOR MARTIN LUTHER KING JR 10976 ACARI CEP: 21530015,(21)33732253,08:00 às 18:00h
RJ - Rio de Janeiro,Rio de Janeiro,CF MARIA DE AZEVEDO RODRIGUES PEREIRA,PRACA PROFESSORA SANTINHA S/N PARQUE ANCHIETA CEP: 21620510,(21)30196181,08:00 às 18:00h
RJ - Rio de Janeiro,Rio de Janeiro,CF RAIMUNDO ALVES NASCIMENTO,RUA MARCOS DE MACEDO S/N GUADALUPE CEP: 21660290,(21)31070882,08:00 às 18:00h
RJ - Rio de Janeiro,Rio de Janeiro,CF SOUZA MARQUES,PRACA PATRIARCA S/N CAMPINHO CEP: 21310440,(21)33597500,08:00 às 18:00h
RJ - Rio de Janeiro,Rio de Janeiro,CMS ALICE TOLEDO TIBIRICA,RUA JURITI S/N IRAJA CEP: 21230320,(21)24712397,08:00 às 18:00h
RJ - Rio de Janeiro,Rio de Janeiro,CMS AUGUSTO DO AMARAL PEIXOTO,RUA JORNALISTA HERMANO REQUIAO 447 GUADALUPE CEP: 21670360,(21)30151867,08:00 às 18:00h
RJ - Rio de Janeiro,Rio de Janeiro,CMS CARLOS CRUZ LIMA,ESTRADA DO COLEGIO 983 COLEGIO CEP: 21235280,(21)24733707,08:00 às 18:00h
RJ - Rio de Janeiro,Rio de Janeiro,CMS CARMELA DUTRA,AV DOS ITALIANOS 480 ROCHA MIRANDA CEP: 21510103,(21)30152879,08:00 às 18:00h
RJ - Rio de Janeiro,Rio de Janeiro,CMS CLEMENTINO FRAGA,RUA CAICARA 514 IRAJA CEP: 21361630,(21)2482-7115,08:00 às 18:00h
RJ - Rio de Janeiro,Rio de Janeiro,CMS EDMA VALADAO,AV BRASIL LOTE 18476 IRAJA CEP: 21530000,(21)33621064,08:00 às 18:00h
RJ - Rio de Janeiro,Rio de Janeiro,CMS FAZENDA BOTAFOGO,RUA ARNALDO GUINLE S/N FAZENDA BOTAFOGO CEP: 21530020,(21)34520835,08:00 às 18:00h
RJ - Rio de Janeiro,Rio de Janeiro,CMS FLAVIO DO COUTO VIEIRA,RUA LUCIO JOSE FILHO S/N PQ ANCHIETA CEP: 21635290,(21)2455-7516,08:00 às 18:00h
RJ - Rio de Janeiro,Rio de Janeiro,CMS MARIO OLINTO DE OLIVEIRA,RUA FERRAZ LOTE 2 CASCADURA CEP: 21311060,(21)32720011,08:00 às 18:00h
RJ - Rio de Janeiro,Rio de Janeiro,CMS MORRO UNIAO,RUA DA JAQUEIRA S/N COELHO NETO CEP: 21510290,NULL,08:00 às 18:00h
RJ - Rio de Janeiro,Rio de Janeiro,CMS NASCIMENTO GURGEL,RUA MERCURIO S/N PAVUNA CEP: 21532290,NULL,08:00 às 18:00h
RJ - Rio de Janeiro,Rio de Janeiro,CMS PORTUS E QUITANDA,RUA JORGE NOGUEIRA S/N COSTA BARROS CEP: 21520790,(21)38356123,08:00 às 18:00h
RJ - Rio de Janeiro,Rio de Janeiro,CMS SYLVIO FREDERICO BRAUNER,RUA DARWIN BRANDAO S/N COSTA BARROS CEP: 21515210,(21)38358689,08:00 às 18:00h
RN - Rio Grande do Norte,PARNAMIRIM,SERVIÇO DE ASSISTENCIA ESPECIALIZADA EM HIV AIDS,RUA BRIGADEIRA PESSOA RAMOS N° 31 COHABINAL CEP 59140730,(84)3645-5500,08:00 às 18:00h
RN - Rio Grande do Norte,NATAL,SAE,RUA CONE DO MONTE Nº110 BAIRRO QUINTAS CEP:59037170,(84)3232-7902,24h
RO - Rondônia,JI-PARANA,SAE DST AIDS,"RUA PORTO VELHO 2319, BAIRRO DOM BOSCO CEP: 76900000",(69)3416-4187,08:00 às 18:00h
RO - Rondônia,Porto Velho,SAE,Rua Jacy Paraná s/n,(69)3901-2970,08:00 ás 18:00
RO - Rondônia,Porto Velho,POLICLÍNICA OSVALDO CRUZ,Av.Jorge Teixeira 3682,(69)3216-2214,08:00 ás 18:00
RR - Roraima,BOA VISTA,DISTRITO SANITÁRIO ESPECIAL INDÍGENA YANOMAMI,Polos bases Indigenas - Leste de Roraima,(95)3624-4148,24h
RR - Roraima,BOA VISTA,HOSPITAL GERAL DE RORAIMA,"AVENIDA BRIGADEIRO EDUARDO GOMES, S/N Bairro: AEROPORTO",(95)2121-0659,24h
RR - Roraima,BOA VISTA,HOSPITAL MATERNO INFANTIL NOSSA SENHORA DE NAZARET,AV. COSTA E SILVA - Bairro: SAO FRANCISCO,(95)4009-4929,24h
RR - Roraima,BOA VISTA,HOSPITAL DA CRIANÇA SANTO ANTONIO,AVENIDA DAS GUIANAS 1645 - Bairro: 13 DE SETEMBRO,(95)3198-3028,24h
RR - Roraima,Rorainopolos,CENTRO DE SAÚDE DRA MARIA YANDARA,AVENIDA DRA YANDARA - Bairro: CENTRO,(95)32381247,08:00h as 12:00h e 14:00h as 17:00h
RS - Rio Grande do Sul,PASSO FUNDO,SERVICO DE ATENDIMENTO ESPECIALIZADO,"RUA SILVA JARDIM, NUMERO 714 PASSO FUNDO CENTRO",(54)3311-7236,08:00 às 18:00h
RS - Rio Grande do Sul,PORTO ALEGRE,PRONTO ATENDIMENTO CRUZEIRO DO SUL,TRAVESSA MANUEL LOBATO N°151,(51)3289-4015,24h
RS - Rio Grande do Sul,PORTO ALEGRE,PRONTO ATENDIMENTO LOMBA DO PINHEIRO,ESTRADA JOAO DE OLIVEIRA REMIAO N°5110 LOMBA DO PINHEIRO - PORTO ALEGRE- CEP: 91560000,(51)3289-5506,24h
RS - Rio Grande do Sul,PASSO FUNDO,NUCLEO DE VIGILANCIA DA SAUDE DO TRABALHADOR,RUA SILVA JARDIM N°727 CENTRO PASSO FUNDO/RS CEP:99010240,(54)3046-0097,24h
RS - Rio Grande do Sul,URUGUAIANA,SETOR DST AIDS,AV PRESIDENTE VARGAS 2990,(55)3414-1152,08:00 às 18:00h
RS - Rio Grande do Sul,SANTA CRUZ DO SUL,HOSPITAL - ATESC,FERNANDO ADOTT Nº174 BAIRRO CENTRO CEP:96810072,NULL,24h
RS - Rio Grande do Sul,ERECHIM,SERVIÇO DE ASSISTENCIA ESPECIALIZADO EM DST AIDS,AVENIDA SANTOS DALBOSCO Nº 160 SALA 201,(54)3522-3955,08:00 às 18:00h
RS - Rio Grande do Sul,CAXIAS DO SUL,SERVIÇO MUNINCIPAL DE INFECTOLOGIA.,RUA SINIMBU 2231 1º ANDAR BAIRRO CENTRO -RS,NULL,08:00 às 12:00h
RS - Rio Grande do Sul,GRAVATAI,SAE,"CORONEL SARMENTO NUMERO 1737, CENTRO",(51)3431-0792,08:00 às 18:00h
RS - Rio Grande do Sul,PASSO FUNDO,HOSPIATAL DA CIDADE PASSO FUNDO,RUA TIRADENTES 295 BAIRRO CENTRO CEP 99010260,(54)2103-3333,24h
RS - Rio Grande do Sul,PORTO ALEGRE,"SERVIÇO DE ASSISTENCIA ESPECIALIZADA EM DST, HIV E AIDS DO CENTRO DE SAUDE IATI",RUA 3 DE ABRIL N°90,(51)3289-3435,08:00 às 18:00h
RS - Rio Grande do Sul,URUGUAIANA,HOSPITAL DE CARIDADE URUGUAIANA,DOMINGOS ALMEIDA Nº3801 BAIRRO SAO MIGUEL CEP:,(55)3412-5588,24h
RS - Rio Grande do Sul,BENTO GONCALVES,SERVICO DE ATENDIMENTO ESPECIALIZADO E CENTRO DE TESTAGEM E ACONSELHAMENTO,"RUA GOIANIA, NUMERO 126, BAIRRO BOTAFOGO, CEP: 25700000",(54)3453-2578,08:00 às 18:00h
RS - Rio Grande do Sul,SAO LEOPOLDO,FUNDAÇAO HOSPITAL CENTENARIO,"THEODOMIRO PORTO DA FONSECA 799, FIAO, SAO LEOPOLDO",(51)3591-1400,24h
RS - Rio Grande do Sul,RIO GRANDE,HOSPITAL UNIVERSITARIO DR MIGUEL RIET CORREIA JUNIOR SERVIÇO HIV/AIDS-HU/FURG,RUA VISCONDE DE PARANAGUA 102 CEP 96200190,(53)3233-8800,24h
RS - Rio Grande do Sul,PORTO ALEGRE,AREA TECNICA DE DST AIDS E HEPATITE VIRAIS,AVENIDA JOAO PESSOA N°325 BAIRRO: CENTRO CEP: 90040000,(51)3289-2869,24h
RS - Rio Grande do Sul,PASSO FUNDO,HOSPITAL SAO VICENTE DE PAULO,RUA TEIXEIRA SOARES NUMERO 808 CENTRO PASSO FUNDO RS CP 9901008,(54)3316-4039,24h
SC - Santa Catarina,ITAJAI,NUCLEO HOSPITALAR DE VIGILANCIA EPIDEMIOLOGICA,AVENIDA MARCOS KONDER N°1111 CEP: 88301303,(47)3249-9425,24h
SC - Santa Catarina,BRUSQUE,HOSPITAL E MATERNIDADE DE BRUSQUE,RUA PASTOR SANDRESQUE 148,(47)3255-0100,24h
SC - Santa Catarina,BLUMENAU,FUNDAÇAO HOSPITALAR DE BLUMENAU- HOSPITAL SANTO ANTONIO,RUA ITAJAI 545- VORSTADT,(47)3231-4059,24h
SC - Santa Catarina,FLORIANOPOLIS,HOSPITAL NEREU RAMOS,RUA RUI BARBOSA Nº800- AGRONOMICA- FLORIANOPOLIS- SC. CEP: 88025301,(48)3216-9300,24h
SC - Santa Catarina,CRICIUMA,"PROGRAMA DE ATENÇAO MUNICIPAL DAS DST, HIV/AIDS DE CRICIUMA",MARIA ARGENTE FERNANDES N°85 - PAVILHA CES- BAIRRO: SANTO ANTONIO -CEP:88809346,(48)3445-8731,08:00 às 18:00h
SC - Santa Catarina,SAO JOSE,CENTRO EM VIGILANCIA E SAUDE- SERVIÇO DE ATENÇAO ESPECIALIZADA,PRAÇA ARNOLDO DE SOUZA S/N -CENTRO HISTORICO SAO JOSE,(48)3357-6940,NULL
SC - Santa Catarina,TUBARAO,CENTRO DE ATENDIMENTO ESPECIALIZADO EM SAUDE,"RUA TEODOTO TOMON, NUMERO 353, BAIRRO CENTRO, CEP : 88705010",(48)3622-5125,08:00 às 12:00h
SC - Santa Catarina,ITAJAI,CEREDI,RUA SAMUEL HEUSI 120 - CENTRO - ITAJAI,(47)3908-5717,08:00 às 18:00h
SC - Santa Catarina,CHAPECO,HOSPITAL DIA,ELIBERTO HULSEN,(49)3331-2514,08:00 às 18:00h
SC - Santa Catarina,BRUSQUE,CENTRO DE VIGILANCIA E SAUDE.,RUA PASTOR SANDRESKY Nº50- CENTRO- BRUSQUE-SC.,(47)3110-1026,08:00 às 18:00h
SC - Santa Catarina,BLUMENAU,CENTRO ESPECIALIZADO EM DIAGNOSTICO ASSISTENCIA E PREVENÇAO,RUA PARAIBA 380,(47)3381-6166,24h
SC - Santa Catarina,LAGES,"PROGRAMA DST, HIV, AIDS E HEPATITES VIRAIS","PRACA LEOBERTO LEAL, NUMERO 20, ANEXO A SMS, CEP: 88500",(49)3251-7631,24h
SE - Sergipe,Aracaju,MATERNIDADE NOSSA SENHORA DE LOURDES,AV TANCREDO NEVES S/N – BAIRRO CAPUCHO,(79)3225-8650,24h
SE - Sergipe,Aracaju,CEMAR SIQUEIRA CAMPOS - SAE,"RUA BAHIA, S/N – BL B – BAIRRO SIQUEIRA CAMPOS",(79)3234-0928,7:00 às 19:00h
SE - Sergipe,Aracaju,HOSPITAL MUNICIPAL ZONA NORTE - DR NESTOR PIVA,AV MARANHÃO S/N – BAIRRO 18 DO FORTE,(79)3212-0401,24h
SE - Sergipe,Aracaju,HOSPITAL MUNICIPAL ZONA SUL - DES FERNANDO FRANCO,Av. Doutor Tarcísio Daniel dos Santos – BAIRRO FAROLÂNDIA,(79)3179-3038,24h
SP - São Paulo,SUMARE,CRESSER,"RUA JACIRO BALDIORT 350 PLANALTO DO SOL, SUMARE SAO PAULO",(19)3873-5463,24h
SP - São Paulo,SUZANO,SAE CTA,AV. ANTONIO MARQUES FIGUEIRA 679,(11)4744-6120,08:00 às 18:00h
SP - São Paulo,TABOAO DA SERRA,CLINICA DST E HEPATITES VIRAIS DE TABOAO DE SERRA,"RUA PEDRO BORBA, NUMERO 259, JARDIM MARIA ROSA, 06763290",(11)4787-8446,08:00 às 18:00h
SP - São Paulo,TATUI,AMBULATORIO DE INFECTOLOGIA DST AIDS E HEPATITES VIRAIS,TRAVESSA MONSENHOR MAGALDI 296 BAIRRO: CENTRO SAO PAULO.,(15)98118-9809,08:00 às 18:00h
SP - São Paulo,SAO VICENTE,ESS RIO BRANCO 01,RUA ONZE Nº1770 BAIRRO JARDIM RIO BRANCO CEP:,(13)3566-2773,08:00 às 18:00h
SP - São Paulo,SERTAOZINHO,CENTRO DE REFERENCIA DE INFECTOLOGIA DR JOAO BATISTA ORTOLAN,RUA PEDRO BIGHETTI Nº910 - JARDIM RECREIO - CEP:14170370 - SERTAOZINHO - SP,(16)3947-1302,08:00 às 18:00h
SP - São Paulo,SOROCABA,SAME,RUA MANOEL LOPES 220 VILA HORTENCIA - SOROCABA - SP,(15)3234-8802,08:00 às 18:00h
SP - São Paulo,SAO PAULO,SAE LAPA DST/AIDS PAULO CESAR BOMFIM,RUA TOME DE SOUZA NUMERO 30 LAPA SP,(11)3832-2386,08:00 às 18:00h
SP - São Paulo,SAO PAULO,SAE DST/AIDS CIDADE DUTRA,RUA CRISTINA DE VASCONCELOS CECCATO Nº 109.BAIRRO JARDIM SAO NICOLAU,(11)5666-8301,08:00 às 18:00h
SP - São Paulo,SAO PAULO,CENTRO DE REFERENCIA E TREINAMENTO EM DTS E AIDS,RUA: SANTA CRUZ Nº81 BAIRRO VILA MARIANA SP/ SAO PAULO CEP:04121000,(11)5087-9833,08:00 às 18:00h
SP - São Paulo,SAO PAULO,UNIDADE BASICA DE SAUDE CONJUNTO DO IPESP,AVENIDA PROFESSORA VIRGILIA RODRIGUES ALVES DE CARVALHO PINTO - N° 555 - BAIRRO JARDIM TREMENBER - SP,(11)2203-0111,14:00 às 18:00h
SP - São Paulo,SAO PAULO,CENTRO DE REFERENCIA EM DST E AIDS NOSSA SENHORA DO O,"AVENIDA ITABERABA 1377,FREGUESIA DO O SAO PAULO/SP",(11)3975-2032,08:00 às 18:00h
SP - São Paulo,VALINHOS,CEDIC CTA,AVENIDA BRASIL Nº 144 BAIRRO VILA SANTANA CIDADE VALINHOS CEP: 13.274-010,(19)3829-5681,08:00 às 18:00h
SP - São Paulo,TAUBATE,AMBULATORIO MUNICIPAL DE INFECTOLOGIA,RUA BENEDITO RUSTINO DOS SANTOS,(12)3625-5123,08:00 às 18:00h
SP - São Paulo,VOTORANTIM,SERVIÇO DE ATENDIMENTO ESPECIALIZADO EM DST AIDS E HEPATITES VIRAIS,RUA JOAO ALARCON N°50- BAIRRO JARDIM ICATU,(15)3343-2740,08:00 às 18:00h
SP - São Paulo,VARZEA PAULISTA,HOSPITAL MUNICIPAL DE VARZEA PAULISTA,PRAÇA CASTRO ALVES S/N VILA SAO JOSE CEP: 13.224-299,(11)4596-5130,24h
SP - São Paulo,SAO PAULO,SERVIÇO DE ATENDIMENTO ESPECIALIZADO EM DST/AIDS BUTANTAN.,AVENIDA CURICEU DE AZEVEDO MARQUES 3596 BUTANTAN SP,(11)3765-1692,08:00 às 18:00h
SP - São Paulo,SAO PAULO,CENTRO DE REFERENCIA DSTAIDS DE SANTO AMARO,RUA CASLOS GOMES N°695 - BAIRRO SANTO AMARO - SAO PAULO - SP,(11)5524-3032,08:00 às 18:00h
SP - São Paulo,SAO PAULO,SAE DST AIDS CIDADE LIDER 2,RUA MEIJO IGUAÇU 86,(11)2748-1139,08:00 às 18:00h
SP - São Paulo,SAO PAULO,"SAE DST AIDS HEBERT DE SOUZA ""BETINHO",AVENIDA ARQUITETO VILA NOVA ARTIGAS 515 TEOTONIO VILELA,(11)2704-7095,08:00 às 18:00h
SP - São Paulo,SAO JOSE DOS CAMPOS,CRMI,RUA AMIM ASSADE N°200 - JARDIM SAO DIMAS - SAO JOSE DOS CAMPOS - SP,(12)1392-4850,08:00 às 12:00h
SP - São Paulo,SAO PAULO,SAE DST AIDS JARDIM MITSUTANI,RUA VITORIO EMANULE ROSSI 97,(11)5841-5376,08:00 às 18:00h
SP - São Paulo,SANTA BARBARA D'OESTE,AMBULATORIO MUNICIPAL INFECTO CONTAGIOSA,AVENIDA SABADO RONFINI Nº203 BAIRRO LINOPOLIS,(19)3455-2490,08:00 às 18:00h
SP - São Paulo,SALTO,AMBULATORIO DE MOLESTIA INFECCIOSAS,RUA RODRIGUES ALVES Nº655 BAIRRO CENTRO CEP 13320120,(11)4021-1169,08:00 às 18:00h
SP - São Paulo,SAO CARLOS,CENTRO DE ATENDIMENTO DE INFECÇOES CRONICAS,RUA 7 DE SETEMBRO 2277 CENTRO,(16)3419-8240,08:00 às 18:00h
SP - São Paulo,SANTOS,SAE DE SERVIÇO PARA ADULTOS.,RUA SILVA JARDINS 94 VILA MATIAS 11015020,(13)3209-8000,08:00 às 18:00h
SP - São Paulo,SAO PAULO,ESTRATEGIA DA SAUDE DA FAMILIA,RUA ADAO EMANUEL DA SILVA Nº16 C BAIRRO : SAO MIGUEL CEP:,(11)2297-4782,08:00 às 12:00h
SP - São Paulo,SAO PAULO,UBS JARDIM DAS PALMAS,RUA FRANCISCO DE SALES 10 JARDIM DAS PALMAS,(11)5843-8460,NULL
SP - São Paulo,SAO JOSE DO RIO PRETO,UBSF JARDIM AMERICANO,AVENIDA DR ANTONIO TAVARES PEREIRA LIMA N°755 - BAIRRO JARDIM AMERICANO - SAO JOSE DO RIO PRETO - SP,(17)3224-9389,NULL
SP - São Paulo,SAO PAULO,UBS DR WALDOMIRO PREGNOLATTO,AVENIDA SANTA CATARINA Nº 1523 BAIRRO VILA SANTA CATARINA,(11)5671-5091,08:00 às 18:00h
SP - São Paulo,SAO PAULO,SAE DST AIDS CECI,AV. CECI N° 2235,(11)2276-9719,08:00 às 18:00h
SP - São Paulo,SAO PAULO,CENTRO DE REFERENCIA DST/AIDS PENHA,PRAÇA NOSSA SENHORA DA PENHA N° 55 - BAIRRO PENHA - SAO PAULO - SP,(11)98174-4662,08:00 às 18:00h
SP - São Paulo,SAO PAULO,SAE DST AIDS DR. JOSE FRANCISCO DE ARAUJO,RUA GONÇALVES LENDO Nº106 BAIRRO IPIRANGA CEP 04216030,(11)2273-5073,08:00 às 18:00h
SP - São Paulo,OSASCO,SAE INFECTOLOGIA,RUA DA SAUDADE Nº100 BAIRRO BELA VISTA CEP:06080000,(11)3682-4787,08:00 às 18:00h
SP - São Paulo,OURINHOS,CTA,RUA DOM JOSE MARELO Nº385 BAIRRO VILA MANO,(14)3302-6101,08:00 às 18:00h
SP - São Paulo,MOGI GUACU,AMBULATORIO DA VIGILANCIA EPIDEMIOLOGICA,RUA PAULA BUENO Nº233-CENTRO- MOGI GUAÇU-SP.,(19)3811-9800,08:00 às 18:00h
SP - São Paulo,PRESIDENTE PRUDENTE,AMBULATORIO MEDICO MUNICIAL SAE/CTA,"AVENIDA CORONEL JOSE SOARES MARCONDES 2357, VILA ELPIDES",(18)3221-1366,08:00 às 18:00h
SP - São Paulo,PINDAMONHANGABA,AMBULATORIO DE ESPCIALIDADES MEDICAS,RUA FREDERICO MACHADO N° 179 CENTRO,(12)3644-5904,14:00 às 18:00h
SP - São Paulo,RIO CLARO,SEPA SERVIÇO ESPECIALIZADO PREVENÇAO E ASSISTENCIA,AVENIDA 19 NUMERO 1045,(19)3523-3232,08:00 às 18:00h
SP - São Paulo,RIBEIRAO PIRES,AMBULATORIO DE INFECTOLOGIA,AVENIDA FRANCISCO MONTEIRO Nº 205,(11)4828-4441,08:00 às 18:00h
SP - São Paulo,RIBEIRAO PRETO,CENTRO DE REFERENCIA EM ESPECIALIDADE ENFERMEIRA MARIA CONCEIÇAO DA SILVA,"RUA PRUDENCE DE MOARAES, Nº 35, CENTRO",(16)3632-2868,08:00 às 18:00h
SP - São Paulo,SANTO ANDRE,AMBULATORIO DE REFERENCIA PARA MOLESTIAS INFECCIOSAS DE SANTO ANDRE.,"RUA DA SILVEIRAS, 73, VILA GUIOMAR, SANTO ANDRE-SP, CEP 09071-100",(11)4427-6110,08:00 às 18:00h
SP - São Paulo,SANTO ANDRE,UNIDADE DE SAUDE JARDIM BOM PASTOR,RUA JOSE DANGELO 35 JARDIN OCARA SANTO ANDRE 09050090,(11)4426-8988,08:00 às 18:00h
SP - São Paulo,ITAQUAQUECETUBA,SERVIÇO DE ASSISTENCIA ESPECIALIZADA SAE CTA,RUA DUQUE DE CAXIAS 187 CENTRO ITAQUAQUECETUBA SP,(11)4640-3240,08:00 às 18:00h
SP - São Paulo,ITAPETININGA,AMBULATORIO DE DST AIDS,"PLACIDO CARDOSO, Nº 140, BAIRRO MESQUITA",(15)3373-5426,08:00 às 18:00h
SP - São Paulo,ITAPECERICA DA SERRA,CTA ITAPECERICA DA SERRA,AVENIDA XV DE NOVEMBRO Nº 926 BAIRRO CENTRO ITAPECERICA DA SERRA,(11)4666-5122,08:00 às 18:00h
SP - São Paulo,JANDIRA,CTA FAVO DE MEL,RUA JOAO LALEICEIRO Nº SEM CEP:00600020 BAIRRO PARK JMC,(11)4619-9433,08:00 às 18:00h
SP - São Paulo,MAUA,CENTRO DE REFERENCIA EM SAUDE E IST/AIDS/HV,"RUA DR. BENEDITO MEIRELES FREIRE 193, VILA VITORIA MAUA. CEP 09360220",(11)4544-4361,08:00 às 18:00h
SP - São Paulo,LIMEIRA,SERVIÇO ESPECIALIZADO EMOLEM CIA INFECTO CONTAGIOSA DE LIMEIRA,"RUA SERGIPE Nº906, VILA CLAUDIA CEP:13480530",(19)3442-4796,08:00 às 18:00h
SP - São Paulo,JUNDIAI,CENTRO DE TESTAGEM E ACONSELHAMENTO DE JUNDIAI,RUA CONDE DE MONSANTO 480 VIANELO 13207060,(11)4586-2402,08:00 às 18:00h
SP - São Paulo,FRANCISCO MORATO,CTA VIGILANCIA EM SAUDE.,RUA VIRGILIO MARTINS DE OLIVEIRA Nº 282 BAIRRO: CENTRO,(11)4488-3316,08:00 às 18:00h
SP - São Paulo,FRANCO DA ROCHA,COA FRANCO DA ROCHA,RUA NELSON RODRIGUES S/N BLOCO 5- FRANCO DA ROCHA,(11)4444-3118,08:00 às 18:00h
SP - São Paulo,DIADEMA,CENTRO D EREFERENCIA EM DST AIDS HEPATITES VIRAS D EDIADEMA,RUA ORIENTE MONTE NUMERO 28 CENTRO DIADEMA,(11)4053-5302,08:00 às 18:00h
SP - São Paulo,GUARULHOS,SAE CARLOS CRUZ,RUA MIRAGANCA Nº32 BAIRRO PARK JUREMA GUARULHOS CEP 07244190,(11)2498-7323,08:00 às 18:00h
SP - São Paulo,GUARULHOS,UBS PARQUE ALVORADA,"AVENIDA SANTA HELENA Nº 125 VILA PARAISO, GUARULHOS CEP: 072412070",(11)2498-1510,24h
SP - São Paulo,HORTOLANDIA,AMBULATORIO DE AIDS DE HORTOLANDIA,RUA ERNESTO DEGAMASCO 262 VILA REAL - HORTOLANDIA - SP CEP 13183080,(19)3965-1443,08:00 às 18:00h
SP - São Paulo,INDAIATUBA,SERVIÇO DE ATENDIMENTO ESPECIALIZADO DE INDAIATUBA,"AVENIDA VISCONDE DE INDAIATUBA 199, VILA VITORIA, 13338010",(19)3825-6440,08:00 às 18:00h
SP - São Paulo,CATANDUVA,"PROGRAMA MUNICIPAL DST, AIDS E HEPATITES VIRAIS.","RUA PARA Nº 13 CENTRO , CATANDUVA-SP CEP: 15.800-040",(17)3523-6011,08:00 às 18:00h
SP - São Paulo,CARAPICUIBA,NUCLEO DE ATENDIMENTO E INFECTOLOGIA DE CARAPICUIBA,ALAMEDA DOS LIRIOS N°150 - SUL AMERICANA - CARAPICUIBA/SP,(11)4202-9583,08:00 às 18:00h
SP - São Paulo,FERRAZ DE VASCONCELOS,SERVIÇO DE ASISTENCIA ESPECIALIZADA EM DST HVI AIDS TUBERCULOSE E HANSENIASE,"RUA ANTONIO TREVISANE 63, AO LADO DO CARTORIO ELEITORAL, 08500-340",(11)4679-1961,08:00 às 18:00h
SP - São Paulo,EMBU DAS ARTES,UBS MIGUEL GOMES CARDOSO,ESTRADA DE ETAPESIRICA CAMPO LIMPO Nº530 BAIRRO JARDIM SANTA EMILIA C EP:06820415,(11)4149-8260,08:00 às 12:00h
SP - São Paulo,ORLANDIA,CENTRO DE TESTAGEM E ACONSELHAMENTO ISABEL URBINATE CORREA,AVENIDA 3 Nº130 BAIRRO CENTRO CEP 1462000,(16)3820-8208,08:00 às 18:00h
SP - São Paulo,FRANCA,"SAE (SERVIÇO DE ATENÇAO ESPECIALIZADA)DST, AIDS E HEPATITES VIRAIS.",RUA OUVIDOR FREIRE 2109- CENTRO- FRANCA- SP.,(16)3702-7750,08:00 às 18:00h
SP - São Paulo,BAURU,UNIDADE DE SUDE DA FAMILIA VILA DUTRA,"RUA LUIZ BARBOSA SOBRINHO 1178,VILA DUTRA BAURU SP",(14)3281-2646,08:00 às 18:00h
SP - São Paulo,BIRIGUI,SERVICO DE ATENDIMENTO ESPECIALIZADO,"PRACA GUMERCILDO DE PAIVA CASTRO, SEM NUMERO , CENTRO",(18)3643-6233,08:00 às 18:00h
SP - São Paulo,NULL,UNIDADE DE SAUDE DA FAMILIA POUSADA DA ESPERANÇA 2,"RUA ANTONIO GEROMINO DA SILVA, NUMERO 105,BAIRRO POUSADA DA ESPERANÇA 2 CEP: 17022670",(14)98165-9730,08:00 às 18:00h
SP - São Paulo,BAURU,UNIDADE DE SAUDE DA FAMILIA NOVA BAURU,RUA LUCIA BONE SAO PEDRO 2154,(14)3223-2280,08:00 às 18:00h
SP - São Paulo,BAURU,UBA MEIRE DOTA,"RUA PEDRO SALVADOR, QUADRA 2, BAIRRO MEIRE DOTA, CEP: 17026390",(14)3109-2460,24h
SP - São Paulo,CARAGUATATUBA,UNIDADE DE ATENDIMENTO A MOLESTIA E INFECTO CONTAGIOSAS- UAMI,RUA DOUTOR CARLOS DE ALMEIDA RODRIGUES Nº495- INDAIA- CARAGUATATUBA- SP.,(12)3883-1373,08:00 às 18:00h
SP - São Paulo,CAMPINAS,CTA,RUA VITAL BRASIL 150 CPE13083888 CIDADE UNIVERSITARIA.,(19)3521-8997,08:00 às 18:00h
SP - São Paulo,BOTUCATU,SERVIÇO DE AMBULATORIO ESPECIALIZADOS DE INFECTOLOGIA DOMINGOS ALVES MEIRA,ALAMEDA DOS SEDRINHOS N°54 CEP: 18607460,(14)3811-1125,24h
SP - São Paulo,ASSIS,GIPA GRUPO INTEGRADO DE PREVENÇAO E ATENÇAO AO DST HIV AIDS.,RUA CANDIDO MOTA 68 VILA CENTRAL CP 19860250,(18)3324-2620,08:00 às 18:00h
SP - São Paulo,ARARAS,SAE CTA ENFERMEIRA ADALGISA DOS SANTOS GONÇALVES,RUA FRANCISCO PAULO RUSSO Nº 119 CENTRO,(19)3544-2064,08:00 às 18:00h
SP - São Paulo,BAURU,CENTRO DE REFERENCIA MOLESTIAS INFECCIOSAS,RUA SILVERIO SAO JOAO QUADRA N°1 CENTRO- BAURU- CEP:17017050,(14)3224-2380,08:00 às 18:00h
SP - São Paulo,BARUERI,SAE MARIA JOSE ESTEVANATO,"AVENIDA TRINDADE, NUMERO 281, BAIRRO BETA VIDA",(11)4198-4120,08:00 às 18:00h
SP - São Paulo,BARRETOS,SERVIÇO DE ASISTENCIA ESPECIALIZADA,AVENIDA JERONIMO ALVES PEREIRA 490 JARDIM UNIVERSITARIO,(17)33229-6580,08:00 às 18:00h
SP - São Paulo,ARACATUBA,SERVIÇO DE ATENDIMENTO ESPECIALIZADO DO DST AIDS E HEPTITES VIRAIS,AFONSO TENA 1537,(18)3622-3895,08:00 às 12:00h
SP - São Paulo,AMERICANA,SERVICO DE ASSISTENCIA ESPECIALIZADA EM DST/HIV/AIDS E HEPATITES VIRAIS,"AVENIDA DA SAUDE, NUMERO 485, BAIRRO JARDIM NOSSA SENHORA DE FATIMA",(19)3478-3039,08:00 às 18:00h
SP - São Paulo,ATIBAIA,UBS SUMICO ONO,PRAÇA SANTO ANTONIO N°110 CEP:12942470,(11)4411-6629,08:00 às 18:00h
TO - Tocantins,PALMAS,HOSPITAL E MATERNIDADE PUBLICO DONA REGINA .,104 NORTE RUA NE 05 LOTES 31 A 41 CENTRO.,(63)3218-7728,24h
TO - Tocantins,ARAGUAINA,SERVICO DE ASSISTENCIA ESPECIALIZADA EM HIV/AIDS E HEPATITES VIRAIS DO HOSPITAL DE DOENÇAS TROPICAIS DO TOCANTINS.,"AVENIDA JOSE DE BRITO SOARES, NUMERO 1015, SETOR ANHAGUERA, CEP: 77818530",(63)3411-2945,24h